;;0
41;37;0.0
41;3;0.0
41;54;0.0
41;15;0.0
41;7;0.0
41;42;0.0
41;1;0.0
41;55;0.0
41;45;0.0
41;47;0.0
41;43;0.0
41;48;0.0
41;44;0.0
41;2;0.0
41;52;0.0
41;56;0.0
41;4;0.0
41;8;0.0001249999999992646
41;21;0.0
41;49;0.0
41;40;0.0
41;51;0.0
41;5;0.0
41;53;0.0
41;29;0.0
41;61;0.0
41;31;0.0
41;16;0.0
41;32;0.0
41;33;0.0
41;19;0.0
41;24;0.0
41;30;0.0
41;34;0.0
41;58;0.0
41;6;0.0
41;20;0.0
41;27;0.0
41;28;0.125
41;9;0.0
41;35;0.0
41;60;0.0
41;46;0.0
41;12;0.0
41;59;0.0
41;13;0.0
41;14;0.0
41;10;0.0
41;36;0.0
41;17;0.0
41;57;0.0
41;38;0.0
41;50;0.0
41;11;0.0
41;25;0.12500000000000022
41;41;0.0
41;18;0.0
41;22;0.0
41;23;0.0
41;39;0.0
41;26;0.0
42;37;0.0
42;3;0.0
42;54;0.0
42;15;0.0
42;7;0.0
42;42;0.0
42;1;0.0
42;55;0.0
42;45;0.0
42;47;0.0
42;43;0.0
42;48;0.0
42;44;0.0
42;2;0.0
42;52;0.0
42;56;0.0
42;4;0.0
42;8;0.00012500000000259526
42;21;0.0
42;49;0.0
42;40;0.0
42;51;0.0
42;5;0.0
42;53;0.0
42;29;0.0
42;61;0.0
42;31;0.0
42;16;0.0
42;32;0.0
42;33;0.0
42;19;0.0
42;24;0.0
42;30;0.0
42;34;0.0
42;58;0.0
42;6;0.0
42;20;0.0
42;27;0.0
42;28;0.12499999999999933
42;9;0.0
42;35;0.0
42;60;0.0
42;46;0.0
42;12;0.0
42;59;0.0
42;13;0.0
42;14;0.0
42;10;0.0
42;36;0.0
42;17;0.0
42;57;0.0
42;38;0.0
42;50;0.0
42;11;0.0
42;25;0.1250000000000011
42;41;0.0
42;18;0.0
42;22;0.0
42;23;0.0
42;39;0.0
42;26;0.0
43;37;0.0
43;3;0.0
43;54;0.0
43;15;0.0
43;7;0.0
43;42;0.0
43;1;0.0
43;55;0.0
43;45;0.0
43;47;0.0
43;43;0.0
43;48;0.0
43;44;0.0
43;2;0.0
43;52;0.0
43;56;0.0
43;4;0.0
43;8;0.00012499999999970868
43;21;0.0
43;49;0.0
43;40;0.0
43;51;0.0
43;5;0.0
43;53;0.0
43;29;0.0
43;61;0.0
43;31;0.0
43;16;0.0
43;32;0.0
43;33;0.0
43;19;0.0
43;24;0.0
43;30;0.0
43;34;0.0
43;58;0.0
43;6;0.0
43;20;0.0
43;27;0.0
43;28;0.1250000000000011
43;9;0.0
43;35;0.0
43;60;0.0
43;46;0.0
43;12;0.0
43;59;0.0
43;13;0.0
43;14;0.0
43;10;0.0
43;36;0.0
43;17;0.0
43;57;0.0
43;38;0.0
43;50;0.0
43;11;0.0
43;25;0.1250000000000009
43;41;0.0
43;18;0.0
43;22;0.0
43;23;0.0
43;39;0.0
43;26;0.0
44;37;0.0
44;3;0.0
44;54;0.0
44;15;0.0
44;7;0.0
44;42;0.0
44;1;0.0
44;55;0.0
44;45;0.0
44;47;0.0
44;43;0.0
44;48;0.0
44;44;0.0
44;2;0.0
44;52;0.0
44;56;0.0
44;4;0.0
44;8;0.00012499999999970868
44;21;0.0
44;49;0.0
44;40;0.0
44;51;0.0
44;5;0.0
44;53;0.0
44;29;0.0
44;61;0.0
44;31;0.0
44;16;0.0
44;32;0.0
44;33;0.0
44;19;0.0
44;24;0.0
44;30;0.0
44;34;0.0
44;58;0.0
44;6;0.0
44;20;0.0
44;27;0.0
44;28;0.1250000000000011
44;9;0.0
44;35;0.0
44;60;0.0
44;46;0.0
44;12;0.0
44;59;0.0
44;13;0.0
44;14;0.0
44;10;0.0
44;36;0.0
44;17;0.0
44;57;0.0
44;38;0.0
44;50;0.0
44;11;0.0
44;25;0.125
44;41;0.0
44;18;0.0
44;22;0.0
44;23;0.0
44;39;0.0
44;26;0.0
45;37;0.0
45;3;0.0
45;54;0.0
45;15;0.0
45;7;0.0
45;42;0.0
45;1;0.0
45;55;0.0
45;45;0.3749374999999999
45;47;0.0
45;43;0.0
45;48;0.0
45;44;0.0
45;2;0.0
45;52;0.0
45;56;0.0
45;4;0.0
45;8;0.0
45;21;0.0
45;49;0.0
45;40;0.0
45;51;0.0
45;5;0.0
45;53;0.0
45;29;0.0
45;61;0.0
45;31;0.0
45;16;0.0
45;32;0.0
45;33;0.0
45;19;0.0
45;24;0.0
45;30;0.0
45;34;0.0
45;58;0.0
45;6;0.0
45;20;0.0
45;27;0.0
45;28;0.20031249999999878
45;9;0.0
45;35;0.0
45;60;0.0
45;46;0.0
45;12;0.0
45;59;0.0
45;13;0.0
45;14;0.0
45;10;0.0
45;36;0.0
45;17;0.0
45;57;0.0
45;38;0.0
45;50;0.0
45;11;0.0
45;25;0.07506250000000025
45;41;0.07531249999999878
45;18;0.0
45;22;0.0
45;23;0.0
45;39;0.0
45;26;0.0
46;37;0.0
46;3;0.0
46;54;0.0
46;15;0.0
46;7;0.0
46;42;0.0
46;1;0.0
46;55;0.0
46;45;0.31262500000000015
46;47;0.0
46;43;0.0
46;48;0.0
46;44;0.0
46;2;0.0
46;52;0.0
46;56;0.0
46;4;0.0
46;8;0.0
46;21;0.0
46;49;0.0
46;40;0.0
46;51;0.0
46;5;0.0
46;53;0.0
46;29;0.0
46;61;0.0
46;31;0.0
46;16;0.0
46;32;0.0
46;33;0.0
46;19;0.0
46;24;0.0
46;30;0.0
46;34;0.0
46;58;0.0
46;6;0.0
46;20;0.0
46;27;0.0
46;28;0.13762500000000166
46;9;0.0
46;35;0.0
46;60;0.0
46;46;0.0
46;12;0.0
46;59;0.0
46;13;0.0
46;14;0.0
46;10;0.0
46;36;0.0
46;17;0.0
46;57;0.0
46;38;0.0
46;50;0.0
46;11;0.0
46;25;0.0
46;41;0.012625000000001663
46;18;0.0
46;22;0.0
46;23;0.0
46;39;0.0
46;26;0.13768750000000152
47;37;0.0
47;3;0.0
47;54;0.0
47;15;0.0
47;7;0.0
47;42;0.0
47;1;0.0
47;55;0.0
47;45;0.6113749999999998
47;47;0.0
47;43;0.0
47;48;0.0
47;44;0.0
47;2;0.0
47;52;0.0
47;56;0.0
47;4;0.0
47;8;0.0
47;21;0.0
47;49;0.0
47;40;0.0
47;51;0.0
47;5;0.0
47;53;0.0
47;29;0.0
47;61;0.0
47;31;0.0
47;16;0.0
47;32;0.0
47;33;0.0
47;19;0.0
47;24;0.0
47;30;0.0
47;34;0.0
47;58;0.0
47;6;0.0
47;20;0.0
47;27;0.0
47;28;0.13762500000000122
47;9;0.0
47;35;0.0
47;60;0.0
47;46;0.0
47;12;0.0
47;59;0.0
47;13;0.0
47;14;0.0
47;10;0.0
47;36;0.0
47;17;0.0
47;57;0.0
47;38;0.0
47;50;0.0
47;11;0.0
47;25;0.0
47;41;0.012625000000001219
47;18;0.0
47;22;0.0
47;23;0.0
47;39;0.0
47;26;0.13768750000000107
48;37;0.0
48;3;0.0
48;54;0.0
48;15;0.0
48;7;0.0
48;42;0.0
48;1;0.0
48;55;0.0
48;45;0.6113749999999991
48;47;0.0
48;43;0.0
48;48;0.0
48;44;0.0
48;2;0.0
48;52;0.0
48;56;0.0
48;4;0.0
48;8;0.000125000000001263
48;21;0.0
48;49;0.0
48;40;0.0
48;51;0.0
48;5;0.0
48;53;0.0
48;29;0.0
48;61;0.0
48;31;0.0
48;16;0.0
48;32;0.0
48;33;0.0
48;19;0.0
48;24;0.0
48;30;0.0
48;34;0.0
48;58;0.0
48;6;0.0
48;20;0.0
48;27;0.0
48;28;0.12499999999999956
48;9;0.0
48;35;0.0
48;60;0.0
48;46;0.0
48;12;0.0
48;59;0.0
48;13;0.0
48;14;0.0
48;10;0.0
48;36;0.0
48;17;0.0
48;57;0.0
48;38;0.0
48;50;0.0
48;11;0.0
48;25;0.00012500000000104095
48;41;0.0
48;18;0.0
48;22;0.0
48;23;0.0
48;39;0.0
48;26;0.0
49;37;0.0
49;3;0.0
49;54;0.0
49;15;0.0
49;7;0.0
49;42;0.0
49;1;0.0
49;55;0.0
49;45;0.0
49;47;0.0
49;43;0.0
49;48;0.0
49;44;0.0
49;2;0.0
49;52;0.0
49;56;0.0
49;4;0.0
49;8;0.05050000000000243
49;21;0.0
49;49;0.0
49;40;0.0
49;51;0.0
49;5;0.0
49;53;0.0
49;29;0.0
49;61;0.0
49;31;0.0
49;16;0.0
49;32;0.0
49;33;0.0
49;19;0.0
49;24;0.0
49;30;0.0
49;34;0.0
49;58;0.0
49;6;0.0
49;20;0.0
49;27;0.0
49;28;0.24987499999999851
49;9;0.0
49;35;0.0
49;60;0.0
49;46;0.0
49;12;0.0
49;59;0.0
49;13;0.0
49;14;0.0
49;10;0.0
49;36;0.0
49;17;0.0
49;57;0.0
49;38;0.0
49;50;0.0
49;11;0.0
49;25;0.1249375000000017
49;41;0.12487500000000162
49;18;0.0
49;22;0.0
49;23;0.0
49;39;0.0
49;26;0.0
50;37;0.0
50;3;0.0
50;54;0.0
50;15;0.0
50;7;0.0
50;42;0.0
50;1;0.0
50;55;0.0
50;45;0.0
50;47;0.0
50;43;0.0
50;48;0.0
50;44;0.0
50;2;0.0
50;52;0.0
50;56;0.0
50;4;0.0
50;8;0.05049999999999999
50;21;0.0
50;49;0.0
50;40;0.0
50;51;0.0
50;5;0.0
50;53;0.0
50;29;0.0
50;61;0.0
50;31;0.0
50;16;0.0
50;32;0.0
50;33;0.0
50;19;0.0
50;24;0.0
50;30;0.0
50;34;0.0
50;58;0.0
50;6;0.0
50;20;0.0
50;27;0.0
50;28;0.24987500000000074
50;9;0.0
50;35;0.0
50;60;0.0
50;46;0.0
50;12;0.0
50;59;0.0
50;13;0.0
50;14;0.0
50;10;0.0
50;36;0.0
50;17;0.0
50;57;0.0
50;38;0.0
50;50;0.0
50;11;0.0
50;25;0.12493750000000015
50;41;0.12487500000000074
50;18;0.0
50;22;0.0
50;23;0.0
50;39;0.0
50;26;0.0
51;37;0.0
51;3;0.0
51;54;0.0
51;15;0.0
51;7;0.0
51;42;0.0
51;1;0.0
51;55;0.0
51;45;0.0
51;47;0.0
51;43;0.0
51;48;0.0
51;44;0.0
51;2;0.0
51;52;0.0
51;56;0.0
51;4;0.0
51;8;0.05050000000000021
51;21;0.0
51;49;0.0
51;40;0.0
51;51;0.0
51;5;0.0
51;53;0.0
51;29;0.0
51;61;0.0
51;31;0.0
51;16;0.0
51;32;0.0
51;33;0.0
51;19;0.0
51;24;0.0
51;30;0.0
51;34;0.0
51;58;0.0
51;6;0.0
51;20;0.0
51;27;0.0
51;28;0.2498750000000005
51;9;0.0
51;35;0.0
51;60;0.0
51;46;0.0
51;12;0.0
51;59;0.0
51;13;0.0
51;14;0.0
51;10;0.0
51;36;0.0
51;17;0.0
51;57;0.0
51;38;0.0
51;50;0.0
51;11;0.0
51;25;0.1249375000000017
51;41;0.12487500000000096
51;18;0.0
51;22;0.0
51;23;0.0
51;39;0.0
51;26;0.0
52;37;0.0
52;3;0.0
52;54;0.0
52;15;0.0
52;7;0.0
52;42;0.0
52;1;0.0
52;55;0.0
52;45;0.0
52;47;0.0
52;43;0.0
52;48;0.0
52;44;0.0
52;2;0.0
52;52;0.0
52;56;0.0
52;4;0.0
52;8;0.050500000000000655
52;21;0.0
52;49;0.0
52;40;0.0
52;51;0.0
52;5;0.0
52;53;0.0
52;29;0.0
52;61;0.0
52;31;0.0
52;16;0.0
52;32;0.0
52;33;0.0
52;19;0.0
52;24;0.0
52;30;0.0
52;34;0.0
52;58;0.0
52;6;0.0
52;20;0.0
52;27;0.0
52;28;0.24987500000000007
52;9;0.0
52;35;0.0
52;60;0.0
52;46;0.0
52;12;0.0
52;59;0.0
52;13;0.0
52;14;0.0
52;10;0.0
52;36;0.0
52;17;0.0
52;57;0.0
52;38;0.0
52;50;0.0
52;11;0.0
52;25;0.12493750000000081
52;41;0.12487500000000118
52;18;0.0
52;22;0.0
52;23;0.0
52;39;0.0
52;26;0.0
53;37;0.0
53;3;0.0
53;54;0.0
53;15;0.0
53;7;0.0
53;42;0.0
53;1;0.0
53;55;0.0
53;45;0.31250000000000067
53;47;0.0
53;43;0.0
53;48;0.0
53;44;0.0
53;2;0.0
53;52;0.0
53;56;0.0
53;4;0.0
53;8;0.0
53;21;0.0
53;49;0.0
53;40;0.0
53;51;0.0
53;5;0.0
53;53;0.0
53;29;0.0
53;61;0.0
53;31;0.0
53;16;0.0
53;32;0.0
53;33;0.0
53;19;0.0
53;24;0.0
53;30;0.0
53;34;0.0
53;58;0.0
53;6;0.0
53;20;0.0
53;27;0.0
53;28;0.31237500000000074
53;9;0.0
53;35;0.0
53;60;0.0
53;46;0.0
53;12;0.0
53;59;0.0
53;13;0.0
53;14;0.0
53;10;0.0
53;36;0.0
53;17;0.0
53;57;0.0
53;38;0.0
53;50;0.0
53;11;0.0
53;25;6.250000000007638e-05
53;41;0.18737500000000162
53;18;0.0
53;22;0.0
53;23;0.0
53;39;0.0
53;26;0.18737500000000185
54;37;0.0
54;3;0.0
54;54;0.0
54;15;0.0
54;7;0.0
54;42;0.0
54;1;0.0
54;55;0.0
54;45;0.25000000000000067
54;47;0.0
54;43;0.0
54;48;0.0
54;44;0.0
54;2;0.0
54;52;0.0
54;56;0.0
54;4;0.0
54;8;0.0750000000000024
54;21;0.0
54;49;0.0
54;40;0.0
54;51;0.0
54;5;0.0
54;53;0.0
54;29;0.0
54;61;0.0
54;31;0.0
54;16;0.0
54;32;0.0
54;33;0.0
54;19;0.0
54;24;0.0
54;30;0.0
54;34;0.0
54;58;0.0
54;6;0.0
54;20;0.0
54;27;0.0
54;28;0.18743749999999837
54;9;0.0
54;35;0.0
54;60;0.0
54;46;0.0
54;12;0.0
54;59;0.0
54;13;0.0
54;14;0.0
54;10;0.0
54;36;0.0
54;17;0.0
54;57;0.0
54;38;0.0
54;50;0.0
54;11;0.0
54;25;0.0
54;41;0.06243749999999837
54;18;0.0
54;22;0.0
54;23;0.0
54;39;0.0
54;26;0.0
55;37;0.0
55;3;0.0
55;54;0.0
55;15;0.0
55;7;0.0
55;42;0.0
55;1;0.0
55;55;0.0
55;45;0.32506250000000003
55;47;0.0
55;43;0.0
55;48;0.0
55;44;0.0
55;2;0.0
55;52;0.0
55;56;0.0
55;4;0.0
55;8;0.050124999999999975
55;21;0.0
55;49;0.0
55;40;0.0
55;51;0.0
55;5;0.0
55;53;0.0
55;29;0.0
55;61;0.0
55;31;0.0
55;16;0.0
55;32;0.0
55;33;0.0
55;19;0.0
55;24;0.0
55;30;0.0
55;34;0.0
55;58;0.0
55;6;0.0
55;20;0.0
55;27;0.0
55;28;0.18743749999999837
55;9;0.0
55;35;0.0
55;60;0.0
55;46;0.0
55;12;0.0
55;59;0.0
55;13;0.0
55;14;0.0
55;10;0.0
55;36;0.0
55;17;0.0
55;57;0.0
55;38;0.0
55;50;0.0
55;11;0.0
55;25;0.0
55;41;0.06243749999999837
55;18;0.0
55;22;0.0
55;23;0.0
55;39;0.0
55;26;0.0
56;37;0.0
56;3;0.0
56;54;0.0
56;15;0.0
56;7;0.0
56;42;0.0
56;1;0.0
56;55;0.0
56;45;0.4500625000000005
56;47;0.0
56;43;0.0
56;48;0.0
56;44;0.0
56;2;0.0
56;52;0.0
56;56;0.0
56;4;0.0
56;8;0.050500000000001766
56;21;0.0
56;49;0.0
56;40;0.0
56;51;0.0
56;5;0.0
56;53;0.0
56;29;0.0
56;61;0.0
56;31;0.0
56;16;0.0
56;32;0.0
56;33;0.0
56;19;0.0
56;24;0.0
56;30;0.0
56;34;0.0
56;58;0.0
56;6;0.0
56;20;0.0
56;27;0.0
56;28;0.24987500000000074
56;9;0.0
56;35;0.0
56;60;0.0
56;46;0.0
56;12;0.0
56;59;0.0
56;13;0.0
56;14;0.0
56;10;0.0
56;36;0.0
56;17;0.0
56;57;0.0
56;38;0.0
56;50;0.0
56;11;0.0
56;25;0.12493750000000015
56;41;0.12487500000000074
56;18;0.0
56;22;0.0
56;23;0.0
56;39;0.0
56;26;0.0
57;37;0.0
57;3;0.0
57;54;0.0
57;15;0.0
57;7;0.0
57;42;0.0
57;1;0.0
57;55;0.0
57;45;0.0
57;47;0.0
57;43;0.0
57;48;0.0
57;44;0.0
57;2;0.0
57;52;0.0
57;56;0.0
57;4;0.0
57;8;0.125
57;21;0.0
57;49;0.0
57;40;0.0
57;51;0.0
57;5;0.0
57;53;0.0
57;29;0.0
57;61;0.0
57;31;0.0
57;16;0.0
57;32;0.0
57;33;0.0
57;19;0.0
57;24;0.0
57;30;0.0
57;34;0.0
57;58;0.0
57;6;0.0
57;20;0.0
57;27;0.0
57;28;0.125
57;9;0.0
57;35;0.0
57;60;0.0
57;46;0.0
57;12;0.0
57;59;0.0
57;13;0.0
57;14;0.0
57;10;0.0
57;36;0.0
57;17;0.0
57;57;0.0
57;38;0.0
57;50;0.0
57;11;0.0
57;25;0.24993749999999992
57;41;0.0
57;18;0.0
57;22;0.0
57;23;0.0
57;39;0.0
57;26;0.0
58;37;0.0
58;3;0.0
58;54;0.0
58;15;0.0
58;7;0.0
58;42;0.0
58;1;0.0
58;55;0.0
58;45;0.0
58;47;0.0
58;43;0.0
58;48;0.0
58;44;0.0
58;2;0.0
58;52;0.0
58;56;0.0
58;4;0.0
58;8;0.12500000000000067
58;21;0.0
58;49;0.0
58;40;0.0
58;51;0.0
58;5;0.0
58;53;0.0
58;29;0.0
58;61;0.0
58;31;0.0
58;16;0.0
58;32;0.0
58;33;0.0
58;19;0.0
58;24;0.0
58;30;0.0
58;34;0.0
58;58;0.0
58;6;0.0
58;20;0.0
58;27;0.0
58;28;0.125
58;9;0.0
58;35;0.0
58;60;0.0
58;46;0.0
58;12;0.0
58;59;0.0
58;13;0.0
58;14;0.0
58;10;0.0
58;36;0.0
58;17;0.0
58;57;0.0
58;38;0.0
58;50;0.0
58;11;0.0
58;25;0.2499375000000006
58;41;0.0
58;18;0.0
58;22;0.0
58;23;0.0
58;39;0.0
58;26;0.0
59;37;0.0
59;3;0.0
59;54;0.0
59;15;0.0
59;7;0.0
59;42;0.0
59;1;0.0
59;55;0.0
59;45;0.0
59;47;0.0
59;43;0.0
59;48;0.0
59;44;0.0
59;2;0.0
59;52;0.0
59;56;0.0
59;4;0.0
59;8;0.125
59;21;0.0
59;49;0.0
59;40;0.0
59;51;0.0
59;5;0.0
59;53;0.0
59;29;0.0
59;61;0.0
59;31;0.0
59;16;0.0
59;32;0.0
59;33;0.0
59;19;0.0
59;24;0.0
59;30;0.0
59;34;0.0
59;58;0.0
59;6;0.0
59;20;0.0
59;27;0.0
59;28;0.12499999999999933
59;9;0.0
59;35;0.0
59;60;0.0
59;46;0.0
59;12;0.0
59;59;0.0
59;13;0.0
59;14;0.0
59;10;0.0
59;36;0.0
59;17;0.0
59;57;0.0
59;38;0.0
59;50;0.0
59;11;0.0
59;25;0.0
59;41;0.0
59;18;0.0
59;22;0.0
59;23;0.0
59;39;0.0
59;26;0.24993749999999992
60;37;0.0
60;3;0.0
60;54;0.0
60;15;0.0
60;7;0.0
60;42;0.0
60;1;0.0
60;55;0.0
60;45;0.0
60;47;0.0
60;43;0.0
60;48;0.0
60;44;0.0
60;2;0.0
60;52;0.0
60;56;0.0
60;4;0.0
60;8;0.12500000000000067
60;21;0.0
60;49;0.0
60;40;0.0
60;51;0.0
60;5;0.0
60;53;0.0
60;29;0.0
60;61;0.0
60;31;0.0
60;16;0.0
60;32;0.0
60;33;0.0
60;19;0.0
60;24;0.0
60;30;0.0
60;34;0.0
60;58;0.0
60;6;0.0
60;20;0.0
60;27;0.0
60;28;0.125
60;9;0.0
60;35;0.0
60;60;0.0
60;46;0.0
60;12;0.0
60;59;0.0
60;13;0.0
60;14;0.0
60;10;0.0
60;36;0.0
60;17;0.0
60;57;0.0
60;38;0.0
60;50;0.0
60;11;0.0
60;25;0.0
60;41;0.0
60;18;0.0
60;22;0.0
60;23;0.0
60;39;0.0
60;26;0.2499375000000006
61;37;0.0
61;3;0.0
61;54;0.0
61;15;0.0
61;7;0.0
61;42;0.0
61;1;0.0
61;55;0.0
61;45;0.30018750000000094
61;47;0.0
61;43;0.0
61;48;0.0
61;44;0.0
61;2;0.0
61;52;0.0
61;56;0.0
61;4;0.0
61;8;0.0625625000000003
61;21;0.0
61;49;0.0
61;40;0.0
61;51;0.0
61;5;0.0
61;53;0.0
61;29;0.0
61;61;0.0
61;31;0.0
61;16;0.0
61;32;0.0
61;33;0.0
61;19;0.0
61;24;0.0
61;30;0.0
61;34;0.0
61;58;0.0
61;6;0.0
61;20;0.0
61;27;0.0
61;28;0.1874374999999997
61;9;0.0
61;35;0.0
61;60;0.0
61;46;0.0
61;12;0.0
61;59;0.0
61;13;0.0
61;14;0.0
61;10;0.0
61;36;0.0
61;17;0.0
61;57;0.0
61;38;0.0
61;50;0.0
61;11;0.0
61;25;0.0
61;41;0.0624374999999997
61;18;0.0
61;22;0.0
61;23;0.0
61;39;0.0
61;26;0.125
62;37;0.0
62;3;0.0
62;54;0.0
62;15;0.0
62;7;0.0
62;42;0.0
62;1;0.0
62;55;0.0
62;45;0.23768750000000094
62;47;0.0
62;43;0.0
62;48;0.0
62;44;0.0
62;2;0.0
62;52;0.0
62;56;0.0
62;4;0.0
62;8;0.125
62;21;0.0
62;49;0.0
62;40;0.0
62;51;0.0
62;5;0.0
62;53;0.0
62;29;0.0
62;61;0.0
62;31;0.0
62;16;0.0
62;32;0.0
62;33;0.0
62;19;0.0
62;24;0.0
62;30;0.0
62;34;0.0
62;58;0.0
62;6;0.0
62;20;0.0
62;27;0.0
62;28;0.125
62;9;0.0
62;35;0.0
62;60;0.0
62;46;0.0
62;12;0.0
62;59;0.0
62;13;0.0
62;14;0.0
62;10;0.0
62;36;0.0
62;17;0.0
62;57;0.0
62;38;0.0
62;50;0.0
62;11;0.0
62;25;0.0
62;41;0.0
62;18;0.0
62;22;0.0
62;23;0.0
62;39;0.0
62;26;0.25006249999999985
63;37;0.0
63;3;0.0
63;54;0.0
63;15;0.0
63;7;0.0
63;42;0.0
63;1;0.0
63;55;0.0
63;45;0.32506250000000003
63;47;0.0
63;43;0.0
63;48;0.0
63;44;0.0
63;2;0.0
63;52;0.0
63;56;0.0
63;4;0.0
63;8;0.125
63;21;0.0
63;49;0.0
63;40;0.0
63;51;0.0
63;5;0.0
63;53;0.0
63;29;0.0
63;61;0.0
63;31;0.0
63;16;0.0
63;32;0.0
63;33;0.0
63;19;0.0
63;24;0.0
63;30;0.0
63;34;0.0
63;58;0.0
63;6;0.0
63;20;0.0
63;27;0.0
63;28;0.125
63;9;0.0
63;35;0.0
63;60;0.0
63;46;0.0
63;12;0.0
63;59;0.0
63;13;0.0
63;14;0.0
63;10;0.0
63;36;0.0
63;17;0.0
63;57;0.0
63;38;0.0
63;50;0.0
63;11;0.0
63;25;0.0
63;41;0.0
63;18;0.0
63;22;0.0
63;23;0.0
63;39;0.0
63;26;0.25006249999999985
64;37;0.0
64;3;0.0
64;54;0.0
64;15;0.0
64;7;0.0
64;42;0.0
64;1;0.0
64;55;0.0
64;45;0.4623124999999989
64;47;0.0
64;43;0.0
64;48;0.0
64;44;0.0
64;2;0.0
64;52;0.0
64;56;0.0
64;4;0.0
64;8;0.1250000000000011
64;21;0.0
64;49;0.0
64;40;0.0
64;51;0.0
64;5;0.0
64;53;0.0
64;29;0.0
64;61;0.0
64;31;0.0
64;16;0.0
64;32;0.0
64;33;0.0
64;19;0.0
64;24;0.0
64;30;0.0
64;34;0.0
64;58;0.0
64;6;0.0
64;20;0.0
64;27;0.0
64;28;0.12499999999999956
64;9;0.0
64;35;0.0
64;60;0.0
64;46;0.0
64;12;0.0
64;59;0.0
64;13;0.0
64;14;0.0
64;10;0.0
64;36;0.0
64;17;0.0
64;57;0.0
64;38;0.0
64;50;0.0
64;11;0.0
64;25;0.0
64;41;0.0
64;18;0.0
64;22;0.0
64;23;0.0
64;39;0.0
64;26;0.24993749999999992
65;37;0.0
65;3;0.0
65;54;0.0
65;15;0.0
65;7;0.0
65;42;0.0
65;1;0.0
65;55;0.0
65;45;0.0
65;47;0.0
65;43;0.0
65;48;0.0
65;44;0.0
65;2;0.0
65;52;0.0
65;56;0.0
65;4;0.0
65;8;0.1250624999999992
65;21;0.0
65;49;0.0
65;40;0.0
65;51;0.0
65;5;0.0
65;53;0.0
65;29;0.0
65;61;0.0
65;31;0.0
65;16;0.0
65;32;0.0
65;33;0.0
65;19;0.0
65;24;0.0
65;30;0.0
65;34;0.0
65;58;0.0
65;6;0.0
65;20;0.0
65;27;0.0
65;28;0.12500000000000133
65;9;0.0
65;35;0.0
65;60;0.0
65;46;0.0
65;12;0.0
65;59;0.0
65;13;0.0
65;14;0.0
65;10;0.0
65;36;0.0
65;17;0.0
65;57;0.0
65;38;0.0
65;50;0.0
65;11;0.0
65;25;0.12499999999999978
65;41;0.0
65;18;0.0
65;22;0.0
65;23;0.0
65;39;0.0
65;26;0.0
66;37;0.0
66;3;0.0
66;54;0.0
66;15;0.0
66;7;0.0
66;42;0.0
66;1;0.0
66;55;0.0
66;45;0.0
66;47;0.0
66;43;0.0
66;48;0.0
66;44;0.0
66;2;0.0
66;52;0.0
66;56;0.0
66;4;0.0
66;8;0.1250624999999992
66;21;0.0
66;49;0.0
66;40;0.0
66;51;0.0
66;5;0.0
66;53;0.0
66;29;0.0
66;61;0.0
66;31;0.0
66;16;0.0
66;32;0.0
66;33;0.0
66;19;0.0
66;24;0.0
66;30;0.0
66;34;0.0
66;58;0.0
66;6;0.0
66;20;0.0
66;27;0.0
66;28;0.125
66;9;0.0
66;35;0.0
66;60;0.0
66;46;0.0
66;12;0.0
66;59;0.0
66;13;0.0
66;14;0.0
66;10;0.0
66;36;0.0
66;17;0.0
66;57;0.0
66;38;0.0
66;50;0.0
66;11;0.0
66;25;0.125
66;41;0.0
66;18;0.0
66;22;0.0
66;23;0.0
66;39;0.0
66;26;0.0
67;37;0.0
67;3;0.0
67;54;0.0
67;15;0.0
67;7;0.0
67;42;0.0
67;1;0.0
67;55;0.0
67;45;0.0
67;47;0.0
67;43;0.0
67;48;0.0
67;44;0.0
67;2;0.0
67;52;0.0
67;56;0.0
67;4;0.0
67;8;0.12506249999999985
67;21;0.0
67;49;0.0
67;40;0.0
67;51;0.0
67;5;0.0
67;53;0.0
67;29;0.0
67;61;0.0
67;31;0.0
67;16;0.0
67;32;0.0
67;33;0.0
67;19;0.0
67;24;0.0
67;30;0.0
67;34;0.0
67;58;0.0
67;6;0.0
67;20;0.0
67;27;0.0
67;28;0.125
67;9;0.0
67;35;0.0
67;60;0.0
67;46;0.0
67;12;0.0
67;59;0.0
67;13;0.0
67;14;0.0
67;10;0.0
67;36;0.0
67;17;0.0
67;57;0.0
67;38;0.0
67;50;0.0
67;11;0.0
67;25;0.125
67;41;0.0
67;18;0.0
67;22;0.0
67;23;0.0
67;39;0.0
67;26;0.0
68;37;0.0
68;3;0.0
68;54;0.0
68;15;0.0
68;7;0.0
68;42;0.0
68;1;0.0
68;55;0.0
68;45;0.0
68;47;0.0
68;43;0.0
68;48;0.0
68;44;0.0
68;2;0.0
68;52;0.0
68;56;0.0
68;4;0.0
68;8;0.12506249999999985
68;21;0.0
68;49;0.0
68;40;0.0
68;51;0.0
68;5;0.0
68;53;0.0
68;29;0.0
68;61;0.0
68;31;0.0
68;16;0.0
68;32;0.0
68;33;0.0
68;19;0.0
68;24;0.0
68;30;0.0
68;34;0.0
68;58;0.0
68;6;0.0
68;20;0.0
68;27;0.0
68;28;0.125
68;9;0.0
68;35;0.0
68;60;0.0
68;46;0.0
68;12;0.0
68;59;0.0
68;13;0.0
68;14;0.0
68;10;0.0
68;36;0.0
68;17;0.0
68;57;0.0
68;38;0.0
68;50;0.0
68;11;0.0
68;25;0.12499999999999778
68;41;0.0
68;18;0.0
68;22;0.0
68;23;0.0
68;39;0.0
68;26;0.0
69;37;0.0
69;3;0.0
69;54;0.0
69;15;0.0
69;7;0.0
69;42;0.0
69;1;0.0
69;55;0.0
69;45;0.3125
69;47;0.0
69;43;0.0
69;48;0.0
69;44;0.0
69;2;0.0
69;52;0.0
69;56;0.0
69;4;0.0
69;8;0.11249999999999827
69;21;0.0
69;49;0.0
69;40;0.0
69;51;0.0
69;5;0.0
69;53;0.0
69;29;0.0
69;61;0.0
69;31;0.0
69;16;0.0
69;32;0.0
69;33;0.0
69;19;0.0
69;24;0.0
69;30;0.0
69;34;0.0
69;58;0.0
69;6;0.0
69;20;0.0
69;27;0.0
69;28;0.1250000000000009
69;9;0.0
69;35;0.0
69;60;0.0
69;46;0.0
69;12;0.0
69;59;0.0
69;13;0.0
69;14;0.0
69;10;0.0
69;36;0.0
69;17;0.0
69;57;0.0
69;38;0.0
69;50;0.0
69;11;0.0
69;25;0.0
69;41;0.0
69;18;0.0
69;22;0.0
69;23;0.0
69;39;0.0
69;26;0.06256249999999985
70;37;0.0
70;3;0.0
70;54;0.0
70;15;0.0
70;7;0.0
70;42;0.0
70;1;0.0
70;55;0.0
70;45;0.25
70;47;0.0
70;43;0.0
70;48;0.0
70;44;0.0
70;2;0.0
70;52;0.0
70;56;0.0
70;4;0.0
70;8;0.12506249999999985
70;21;0.0
70;49;0.0
70;40;0.0
70;51;0.0
70;5;0.0
70;53;0.0
70;29;0.0
70;61;0.0
70;31;0.0
70;16;0.0
70;32;0.0
70;33;0.0
70;19;0.0
70;24;0.0
70;30;0.0
70;34;0.0
70;58;0.0
70;6;0.0
70;20;0.0
70;27;0.0
70;28;0.125
70;9;0.0
70;35;0.0
70;60;0.0
70;46;0.0
70;12;0.0
70;59;0.0
70;13;0.0
70;14;0.0
70;10;0.0
70;36;0.0
70;17;0.0
70;57;0.0
70;38;0.0
70;50;0.0
70;11;0.0
70;25;0.11174999999999624
70;41;0.0
70;18;0.0
70;22;0.0
70;23;0.0
70;39;0.0
70;26;6.250000000140865e-05
71;37;0.0
71;3;0.0
71;54;0.0
71;15;0.0
71;7;0.0
71;42;0.0
71;1;0.0
71;55;0.0
71;45;0.32506250000000003
71;47;0.0
71;43;0.0
71;48;0.0
71;44;0.0
71;2;0.0
71;52;0.0
71;56;0.0
71;4;0.0
71;8;0.125
71;21;0.0
71;49;0.0
71;40;0.0
71;51;0.0
71;5;0.0
71;53;0.0
71;29;0.0
71;61;0.0
71;31;0.0
71;16;0.0
71;32;0.0
71;33;0.0
71;19;0.0
71;24;0.0
71;30;0.0
71;34;0.0
71;58;0.0
71;6;0.0
71;20;0.0
71;27;0.0
71;28;0.125
71;9;0.0
71;35;0.0
71;60;0.0
71;46;0.0
71;12;0.0
71;59;0.0
71;13;0.0
71;14;0.0
71;10;0.0
71;36;0.0
71;17;0.0
71;57;0.0
71;38;0.0
71;50;0.0
71;11;0.0
71;25;0.06256250000000008
71;41;0.0
71;18;0.0
71;22;0.0
71;23;0.0
71;39;0.0
71;26;0.0
72;37;0.0
72;3;0.0
72;54;0.0
72;15;0.0
72;7;0.0
72;42;0.0
72;1;0.0
72;55;0.0
72;45;0.45062500000000105
72;47;0.0
72;43;0.0
72;48;0.0
72;44;0.0
72;2;0.0
72;52;0.0
72;56;0.0
72;4;0.0
72;8;0.12506249999999897
72;21;0.0
72;49;0.0
72;40;0.0
72;51;0.0
72;5;0.0
72;53;0.0
72;29;0.0
72;61;0.0
72;31;0.0
72;16;0.0
72;32;0.0
72;33;0.0
72;19;0.0
72;24;0.0
72;30;0.0
72;34;0.0
72;58;0.0
72;6;0.0
72;20;0.0
72;27;0.0
72;28;0.1250000000000009
72;9;0.0
72;35;0.0
72;60;0.0
72;46;0.0
72;12;0.0
72;59;0.0
72;13;0.0
72;14;0.0
72;10;0.0
72;36;0.0
72;17;0.0
72;57;0.0
72;38;0.0
72;50;0.0
72;11;0.0
72;25;0.12499999999999867
72;41;0.0
72;18;0.0
72;22;0.0
72;23;0.0
72;39;0.0
72;26;0.0
73;37;0.0
73;3;0.0
73;54;0.0
73;15;0.0
73;7;0.0
73;42;0.0
73;1;0.0
73;55;0.0
73;45;0.0
73;47;0.0
73;43;0.0
73;48;0.0
73;44;0.0
73;2;0.0
73;52;0.0
73;56;0.0
73;4;0.0
73;8;0.18756249999999963
73;21;0.0
73;49;0.0
73;40;0.0
73;51;0.0
73;5;0.0
73;53;0.0
73;29;0.0
73;61;0.0
73;31;0.0
73;16;0.0
73;32;0.0
73;33;0.0
73;19;0.0
73;24;0.0
73;30;0.0
73;34;0.0
73;58;0.0
73;6;0.0
73;20;0.0
73;27;0.0
73;28;0.062437500000002366
73;9;0.0
73;35;0.0
73;60;0.0
73;46;0.0
73;12;0.0
73;59;0.0
73;13;0.0
73;14;0.0
73;10;0.0
73;36;0.0
73;17;0.0
73;57;0.0
73;38;0.0
73;50;0.0
73;11;0.0
73;25;0.12493750000000126
73;41;0.0
73;18;0.0
73;22;0.0
73;23;0.0
73;39;0.0
73;26;0.0
74;37;0.0
74;3;0.0
74;54;0.0
74;15;0.0
74;7;0.0
74;42;0.0
74;1;0.0
74;55;0.0
74;45;0.0
74;47;0.0
74;43;0.0
74;48;0.0
74;44;0.0
74;2;0.0
74;52;0.0
74;56;0.0
74;4;0.0
74;8;0.1875624999999994
74;21;0.0
74;49;0.0
74;40;0.0
74;51;0.0
74;5;0.0
74;53;0.0
74;29;0.0
74;61;0.0
74;31;0.0
74;16;0.0
74;32;0.0
74;33;0.0
74;19;0.0
74;24;0.0
74;30;0.0
74;34;0.0
74;58;0.0
74;6;0.0
74;20;0.0
74;27;0.0
74;28;0.06243750000000259
74;9;0.0
74;35;0.0
74;60;0.0
74;46;0.0
74;12;0.0
74;59;0.0
74;13;0.0
74;14;0.0
74;10;0.0
74;36;0.0
74;17;0.0
74;57;0.0
74;38;0.0
74;50;0.0
74;11;0.0
74;25;0.12493750000000148
74;41;0.0
74;18;0.0
74;22;0.0
74;23;0.0
74;39;0.0
74;26;0.0
75;37;0.0
75;3;0.0
75;54;0.0
75;15;0.0
75;7;0.0
75;42;0.0
75;1;0.0
75;55;0.0
75;45;0.0
75;47;0.0
75;43;0.0
75;48;0.0
75;44;0.0
75;2;0.0
75;52;0.0
75;56;0.0
75;4;0.0
75;8;0.18756249999999963
75;21;0.0
75;49;0.0
75;40;0.0
75;51;0.0
75;5;0.0
75;53;0.0
75;29;0.0
75;61;0.0
75;31;0.0
75;16;0.0
75;32;0.0
75;33;0.0
75;19;0.0
75;24;0.0
75;30;0.0
75;34;0.0
75;58;0.0
75;6;0.0
75;20;0.0
75;27;0.0
75;28;0.062437500000002366
75;9;0.0
75;35;0.0
75;60;0.0
75;46;0.0
75;12;0.0
75;59;0.0
75;13;0.0
75;14;0.0
75;10;0.0
75;36;0.0
75;17;0.0
75;57;0.0
75;38;0.0
75;50;0.0
75;11;0.0
75;25;0.12493750000000214
75;41;0.0
75;18;0.0
75;22;0.0
75;23;0.0
75;39;0.0
75;26;0.0
76;37;0.0
76;3;0.0
76;54;0.0
76;15;0.0
76;7;0.0
76;42;0.0
76;1;0.0
76;55;0.0
76;45;0.0
76;47;0.0
76;43;0.0
76;48;0.0
76;44;0.0
76;2;0.0
76;52;0.0
76;56;0.0
76;4;0.0
76;8;0.1875624999999994
76;21;0.0
76;49;0.0
76;40;0.0
76;51;0.0
76;5;0.0
76;53;0.0
76;29;0.0
76;61;0.0
76;31;0.0
76;16;0.0
76;32;0.0
76;33;0.0
76;19;0.0
76;24;0.0
76;30;0.0
76;34;0.0
76;58;0.0
76;6;0.0
76;20;0.0
76;27;0.0
76;28;0.0624375000000037
76;9;0.0
76;35;0.0
76;60;0.0
76;46;0.0
76;12;0.0
76;59;0.0
76;13;0.0
76;14;0.0
76;10;0.0
76;36;0.0
76;17;0.0
76;57;0.0
76;38;0.0
76;50;0.0
76;11;0.0
76;25;0.12493750000000192
76;41;0.0
76;18;0.0
76;22;0.0
76;23;0.0
76;39;0.0
76;26;0.0
77;37;0.0
77;3;0.0
77;54;0.0
77;15;0.0
77;7;0.0
77;42;0.0
77;1;0.0
77;55;0.0
77;45;0.3124374999999999
77;47;0.0
77;43;0.0
77;48;0.0
77;44;0.0
77;2;0.0
77;52;0.0
77;56;0.0
77;4;0.0
77;8;0.23750000000000027
77;21;0.0
77;49;0.0
77;40;0.0
77;51;0.0
77;5;0.0
77;53;0.0
77;29;0.0
77;61;0.0
77;31;0.0
77;16;0.0
77;32;0.0
77;33;0.0
77;19;0.0
77;24;0.0
77;30;0.0
77;34;0.0
77;58;0.0
77;6;0.0
77;20;0.0
77;27;0.0
77;28;0.049812500000002924
77;9;0.0
77;35;0.0
77;60;0.0
77;46;0.0
77;12;0.0
77;59;0.0
77;13;0.0
77;14;0.0
77;10;0.0
77;36;0.0
77;17;0.0
77;57;0.0
77;38;0.0
77;50;0.0
77;11;0.0
77;25;0.0
77;41;0.0
77;18;0.0
77;22;0.0
77;23;0.0
77;39;0.0
77;26;0.11231250000000292
78;37;0.0
78;3;0.0
78;54;0.0
78;15;0.0
78;7;0.0
78;42;0.0
78;1;0.0
78;55;0.0
78;45;0.24993749999999992
78;47;0.0
78;43;0.0
78;48;0.0
78;44;0.0
78;2;0.0
78;52;0.0
78;56;0.0
78;4;0.0
78;8;0.12524999999999742
78;21;0.0
78;49;0.0
78;40;0.0
78;51;0.0
78;5;0.0
78;53;0.0
78;29;0.0
78;61;0.0
78;31;0.0
78;16;0.0
78;32;0.0
78;33;0.0
78;19;0.0
78;24;0.0
78;30;0.0
78;34;0.0
78;58;0.0
78;6;0.0
78;20;0.0
78;27;0.0
78;28;0.125
78;9;0.0
78;35;0.0
78;60;0.0
78;46;0.0
78;12;0.0
78;59;0.0
78;13;0.0
78;14;0.0
78;10;0.0
78;36;0.0
78;17;0.0
78;57;0.0
78;38;0.0
78;50;0.0
78;11;0.0
78;25;0.17475000000000018
78;41;0.0
78;18;0.0
78;22;0.0
78;23;0.0
78;39;0.0
78;26;0.0
79;37;0.0
79;3;0.0
79;54;0.0
79;15;0.0
79;7;0.0
79;42;0.0
79;1;0.0
79;55;0.0
79;45;0.32506250000000003
79;47;0.0
79;43;0.0
79;48;0.0
79;44;0.0
79;2;0.0
79;52;0.0
79;56;0.0
79;4;0.0
79;8;0.15031249999999963
79;21;0.0
79;49;0.0
79;40;0.0
79;51;0.0
79;5;0.0
79;53;0.0
79;29;0.0
79;61;0.0
79;31;0.0
79;16;0.0
79;32;0.0
79;33;0.0
79;19;0.0
79;24;0.0
79;30;0.0
79;34;0.0
79;58;0.0
79;6;0.0
79;20;0.0
79;27;0.0
79;28;0.125
79;9;0.0
79;35;0.0
79;60;0.0
79;46;0.0
79;12;0.0
79;59;0.0
79;13;0.0
79;14;0.0
79;10;0.0
79;36;0.0
79;17;0.0
79;57;0.0
79;38;0.0
79;50;0.0
79;11;0.0
79;25;0.17475000000000018
79;41;0.0
79;18;0.0
79;22;0.0
79;23;0.0
79;39;0.0
79;26;0.0
80;37;0.0
80;3;0.0
80;54;0.0
80;15;0.0
80;7;0.0
80;42;0.0
80;1;0.0
80;55;0.0
80;45;0.45006250000000003
80;47;0.0
80;43;0.0
80;48;0.0
80;44;0.0
80;2;0.0
80;52;0.0
80;56;0.0
80;4;0.0
80;8;0.1875624999999994
80;21;0.0
80;49;0.0
80;40;0.0
80;51;0.0
80;5;0.0
80;53;0.0
80;29;0.0
80;61;0.0
80;31;0.0
80;16;0.0
80;32;0.0
80;33;0.0
80;19;0.0
80;24;0.0
80;30;0.0
80;34;0.0
80;58;0.0
80;6;0.0
80;20;0.0
80;27;0.0
80;28;0.06243750000000259
80;9;0.0
80;35;0.0
80;60;0.0
80;46;0.0
80;12;0.0
80;59;0.0
80;13;0.0
80;14;0.0
80;10;0.0
80;36;0.0
80;17;0.0
80;57;0.0
80;38;0.0
80;50;0.0
80;11;0.0
80;25;0.12493750000000214
80;41;0.0
80;18;0.0
80;22;0.0
80;23;0.0
80;39;0.0
80;26;0.0
81;37;0.0
81;3;0.0
81;54;0.0
81;15;0.0
81;7;0.0
81;42;0.0
81;1;0.0
81;55;0.0
81;45;0.0
81;47;0.0
81;43;0.0
81;48;0.0
81;44;0.0
81;2;0.0
81;52;0.0
81;56;0.0
81;4;0.0
81;8;0.1874375000000006
81;21;0.0
81;49;0.0
81;40;0.0
81;51;0.0
81;5;0.0
81;53;0.0
81;29;0.0
81;61;0.0
81;31;0.0
81;16;0.0
81;32;0.0
81;33;0.0
81;19;0.0
81;24;0.0
81;30;0.0
81;34;0.0
81;58;0.0
81;6;0.0
81;20;0.0
81;27;0.0
81;28;0.1122499999999984
81;9;0.0
81;35;0.0
81;60;0.0
81;46;0.0
81;12;0.0
81;59;0.0
81;13;0.0
81;14;0.0
81;10;0.0
81;36;0.0
81;17;0.0
81;57;0.0
81;38;0.0
81;50;0.0
81;11;0.0
81;25;0.17456249999999973
81;41;0.0
81;18;0.0
81;22;0.0
81;23;0.0
81;39;0.0
81;26;0.0
82;37;0.0
82;3;0.0
82;54;0.0
82;15;0.0
82;7;0.0
82;42;0.0
82;1;0.0
82;55;0.0
82;45;0.0
82;47;0.0
82;43;0.0
82;48;0.0
82;44;0.0
82;2;0.0
82;52;0.0
82;56;0.0
82;4;0.0
82;8;0.1874375000000006
82;21;0.0
82;49;0.0
82;40;0.0
82;51;0.0
82;5;0.0
82;53;0.0
82;29;0.0
82;61;0.0
82;31;0.0
82;16;0.0
82;32;0.0
82;33;0.0
82;19;0.0
82;24;0.0
82;30;0.0
82;34;0.0
82;58;0.0
82;6;0.0
82;20;0.0
82;27;0.0
82;28;0.1122499999999984
82;9;0.0
82;35;0.0
82;60;0.0
82;46;0.0
82;12;0.0
82;59;0.0
82;13;0.0
82;14;0.0
82;10;0.0
82;36;0.0
82;17;0.0
82;57;0.0
82;38;0.0
82;50;0.0
82;11;0.0
82;25;0.17456249999999884
82;41;0.0
82;18;0.0
82;22;0.0
82;23;0.0
82;39;0.0
82;26;0.0
83;37;0.0
83;3;0.0
83;54;0.0
83;15;0.0
83;7;0.0
83;42;0.0
83;1;0.0
83;55;0.0
83;45;0.0
83;47;0.0
83;43;0.0
83;48;0.0
83;44;0.0
83;2;0.0
83;52;0.0
83;56;0.0
83;4;0.0
83;8;0.1874375000000006
83;21;0.0
83;49;0.0
83;40;0.0
83;51;0.0
83;5;0.0
83;53;0.0
83;29;0.0
83;61;0.0
83;31;0.0
83;16;0.0
83;32;0.0
83;33;0.0
83;19;0.0
83;24;0.0
83;30;0.0
83;34;0.0
83;58;0.0
83;6;0.0
83;20;0.0
83;27;0.0
83;28;0.1122499999999984
83;9;0.0
83;35;0.0
83;60;0.0
83;46;0.0
83;12;0.0
83;59;0.0
83;13;0.0
83;14;0.0
83;10;0.0
83;36;0.0
83;17;0.0
83;57;0.0
83;38;0.0
83;50;0.0
83;11;0.0
83;25;0.17456250000000018
83;41;0.0
83;18;0.0
83;22;0.0
83;23;0.0
83;39;0.0
83;26;0.0
84;37;0.0
84;3;0.0
84;54;0.0
84;15;0.0
84;7;0.0
84;42;0.0
84;1;0.0
84;55;0.0
84;45;0.0
84;47;0.0
84;43;0.0
84;48;0.0
84;44;0.0
84;2;0.0
84;52;0.0
84;56;0.0
84;4;0.0
84;8;0.1874375000000006
84;21;0.0
84;49;0.0
84;40;0.0
84;51;0.0
84;5;0.0
84;53;0.0
84;29;0.0
84;61;0.0
84;31;0.0
84;16;0.0
84;32;0.0
84;33;0.0
84;19;0.0
84;24;0.0
84;30;0.0
84;34;0.0
84;58;0.0
84;6;0.0
84;20;0.0
84;27;0.0
84;28;0.1122499999999984
84;9;0.0
84;35;0.0
84;60;0.0
84;46;0.0
84;12;0.0
84;59;0.0
84;13;0.0
84;14;0.0
84;10;0.0
84;36;0.0
84;17;0.0
84;57;0.0
84;38;0.0
84;50;0.0
84;11;0.0
84;25;0.17456249999999973
84;41;0.0
84;18;0.0
84;22;0.0
84;23;0.0
84;39;0.0
84;26;0.0
85;37;0.0
85;3;0.0
85;54;0.0
85;15;0.0
85;7;0.0
85;42;0.0
85;1;0.0
85;55;0.0
85;45;0.3124374999999999
85;47;0.0
85;43;0.0
85;48;0.0
85;44;0.0
85;2;0.0
85;52;0.0
85;56;0.0
85;4;0.0
85;8;0.18737500000000074
85;21;0.0
85;49;0.0
85;40;0.0
85;51;0.0
85;5;0.0
85;53;0.0
85;29;0.0
85;61;0.0
85;31;0.0
85;16;0.0
85;32;0.0
85;33;0.0
85;19;0.0
85;24;0.0
85;30;0.0
85;34;0.0
85;58;0.0
85;6;0.0
85;20;0.0
85;27;0.0
85;28;0.06256249999999963
85;9;0.0
85;35;0.0
85;60;0.0
85;46;0.0
85;12;0.0
85;59;0.0
85;13;0.0
85;14;0.0
85;10;0.0
85;36;0.0
85;17;0.0
85;57;0.0
85;38;0.0
85;50;0.0
85;11;0.0
85;25;0.0
85;41;0.0
85;18;0.0
85;22;0.0
85;23;0.0
85;39;0.0
85;26;0.17481250000000115
86;37;0.0
86;3;0.0
86;54;0.0
86;15;0.0
86;7;0.0
86;42;0.0
86;1;0.0
86;55;0.0
86;45;0.24993749999999992
86;47;0.0
86;43;0.0
86;48;0.0
86;44;0.0
86;2;0.0
86;52;0.0
86;56;0.0
86;4;0.0
86;8;0.2501249999999997
86;21;0.0
86;49;0.0
86;40;0.0
86;51;0.0
86;5;0.0
86;53;0.0
86;29;0.0
86;61;0.0
86;31;0.0
86;16;0.0
86;32;0.0
86;33;0.0
86;19;0.0
86;24;0.0
86;30;0.0
86;34;0.0
86;58;0.0
86;6;0.0
86;20;0.0
86;27;0.0
86;28;0.125
86;9;0.0
86;35;0.0
86;60;0.0
86;46;0.0
86;12;0.0
86;59;0.0
86;13;0.0
86;14;0.0
86;10;0.0
86;36;0.0
86;17;0.0
86;57;0.0
86;38;0.0
86;50;0.0
86;11;0.0
86;25;0.07524999999999982
86;41;0.0
86;18;0.0
86;22;0.0
86;23;0.0
86;39;0.0
86;26;0.0
87;37;0.0
87;3;0.0
87;54;0.0
87;15;0.0
87;7;0.0
87;42;0.0
87;1;0.0
87;55;0.0
87;45;0.3750625000000003
87;47;0.0
87;43;0.0
87;48;0.0
87;44;0.0
87;2;0.0
87;52;0.0
87;56;0.0
87;4;0.0
87;8;0.2501249999999997
87;21;0.0
87;49;0.0
87;40;0.0
87;51;0.0
87;5;0.0
87;53;0.0
87;29;0.0
87;61;0.0
87;31;0.0
87;16;0.0
87;32;0.0
87;33;0.0
87;19;0.0
87;24;0.0
87;30;0.0
87;34;0.0
87;58;0.0
87;6;0.0
87;20;0.0
87;27;0.0
87;28;0.125
87;9;0.0
87;35;0.0
87;60;0.0
87;46;0.0
87;12;0.0
87;59;0.0
87;13;0.0
87;14;0.0
87;10;0.0
87;36;0.0
87;17;0.0
87;57;0.0
87;38;0.0
87;50;0.0
87;11;0.0
87;25;0.07524999999999982
87;41;0.0
87;18;0.0
87;22;0.0
87;23;0.0
87;39;0.0
87;26;0.0
88;37;0.0
88;3;0.0
88;54;0.0
88;15;0.0
88;7;0.0
88;42;0.0
88;1;0.0
88;55;0.0
88;45;0.5000625000000003
88;47;0.0
88;43;0.0
88;48;0.0
88;44;0.0
88;2;0.0
88;52;0.0
88;56;0.0
88;4;0.0
88;8;0.1874375000000006
88;21;0.0
88;49;0.0
88;40;0.0
88;51;0.0
88;5;0.0
88;53;0.0
88;29;0.0
88;61;0.0
88;31;0.0
88;16;0.0
88;32;0.0
88;33;0.0
88;19;0.0
88;24;0.0
88;30;0.0
88;34;0.0
88;58;0.0
88;6;0.0
88;20;0.0
88;27;0.0
88;28;0.1122499999999984
88;9;0.0
88;35;0.0
88;60;0.0
88;46;0.0
88;12;0.0
88;59;0.0
88;13;0.0
88;14;0.0
88;10;0.0
88;36;0.0
88;17;0.0
88;57;0.0
88;38;0.0
88;50;0.0
88;11;0.0
88;25;0.0
88;41;0.0
88;18;0.0
88;22;0.0
88;23;0.0
88;39;0.0
88;26;0.17456249999999884
89;37;0.0
89;3;0.0
89;54;0.0
89;15;0.0
89;7;0.0
89;42;0.0
89;1;0.0
89;55;0.0
89;45;0.0
89;47;0.0
89;43;0.0
89;48;0.0
89;44;0.0
89;2;0.0
89;52;0.0
89;56;0.0
89;4;0.0
89;8;0.18743750000000015
89;21;0.0
89;49;0.0
89;40;0.0
89;51;0.0
89;5;0.0
89;53;0.0
89;29;0.0
89;61;0.0
89;31;0.0
89;16;0.0
89;32;0.0
89;33;0.0
89;19;0.0
89;24;0.0
89;30;0.0
89;34;0.0
89;58;0.0
89;6;0.0
89;20;0.0
89;27;0.0
89;28;0.06237500000000096
89;9;0.0
89;35;0.0
89;60;0.0
89;46;0.0
89;12;0.0
89;59;0.0
89;13;0.0
89;14;0.0
89;10;0.0
89;36;0.0
89;17;0.0
89;57;0.0
89;38;0.0
89;50;0.0
89;11;0.0
89;25;0.12487500000000096
89;41;0.0
89;18;0.0
89;22;0.0
89;23;0.0
89;39;0.0
89;26;0.0
90;37;0.0
90;3;0.0
90;54;0.0
90;15;0.0
90;7;0.0
90;42;0.0
90;1;0.0
90;55;0.0
90;45;0.0
90;47;0.0
90;43;0.0
90;48;0.0
90;44;0.0
90;2;0.0
90;52;0.0
90;56;0.0
90;4;0.0
90;8;0.18743750000000015
90;21;0.0
90;49;0.0
90;40;0.0
90;51;0.0
90;5;0.0
90;53;0.0
90;29;0.0
90;61;0.0
90;31;0.0
90;16;0.0
90;32;0.0
90;33;0.0
90;19;0.0
90;24;0.0
90;30;0.0
90;34;0.0
90;58;0.0
90;6;0.0
90;20;0.0
90;27;0.0
90;28;0.062375000000000735
90;9;0.0
90;35;0.0
90;60;0.0
90;46;0.0
90;12;0.0
90;59;0.0
90;13;0.0
90;14;0.0
90;10;0.0
90;36;0.0
90;17;0.0
90;57;0.0
90;38;0.0
90;50;0.0
90;11;0.0
90;25;0.12487500000000051
90;41;0.0
90;18;0.0
90;22;0.0
90;23;0.0
90;39;0.0
90;26;0.0
91;37;0.0
91;3;0.0
91;54;0.0
91;15;0.0
91;7;0.0
91;42;0.0
91;1;0.0
91;55;0.0
91;45;0.0
91;47;0.0
91;43;0.0
91;48;0.0
91;44;0.0
91;2;0.0
91;52;0.0
91;56;0.0
91;4;0.0
91;8;0.18743749999999926
91;21;0.0
91;49;0.0
91;40;0.0
91;51;0.0
91;5;0.0
91;53;0.0
91;29;0.0
91;61;0.0
91;31;0.0
91;16;0.0
91;32;0.0
91;33;0.0
91;19;0.0
91;24;0.0
91;30;0.0
91;34;0.0
91;58;0.0
91;6;0.0
91;20;0.0
91;27;0.0
91;28;0.062375000000001624
91;9;0.0
91;35;0.0
91;60;0.0
91;46;0.0
91;12;0.0
91;59;0.0
91;13;0.0
91;14;0.0
91;10;0.0
91;36;0.0
91;17;0.0
91;57;0.0
91;38;0.0
91;50;0.0
91;11;0.0
91;25;0.12487500000000096
91;41;0.0
91;18;0.0
91;22;0.0
91;23;0.0
91;39;0.0
91;26;0.0
92;37;0.0
92;3;0.0
92;54;0.0
92;15;0.0
92;7;0.0
92;42;0.0
92;1;0.0
92;55;0.0
92;45;0.0
92;47;0.0
92;43;0.0
92;48;0.0
92;44;0.0
92;2;0.0
92;52;0.0
92;56;0.0
92;4;0.0
92;8;0.18743749999999904
92;21;0.0
92;49;0.0
92;40;0.0
92;51;0.0
92;5;0.0
92;53;0.0
92;29;0.0
92;61;0.0
92;31;0.0
92;16;0.0
92;32;0.0
92;33;0.0
92;19;0.0
92;24;0.0
92;30;0.0
92;34;0.0
92;58;0.0
92;6;0.0
92;20;0.0
92;27;0.0
92;28;0.062375000000001846
92;9;0.0
92;35;0.0
92;60;0.0
92;46;0.0
92;12;0.0
92;59;0.0
92;13;0.0
92;14;0.0
92;10;0.0
92;36;0.0
92;17;0.0
92;57;0.0
92;38;0.0
92;50;0.0
92;11;0.0
92;25;0.12487500000000074
92;41;0.0
92;18;0.0
92;22;0.0
92;23;0.0
92;39;0.0
92;26;0.0
93;37;0.0
93;3;0.0
93;54;0.0
93;15;0.0
93;7;0.0
93;42;0.0
93;1;0.0
93;55;0.0
93;45;0.3124374999999999
93;47;0.0
93;43;0.0
93;48;0.0
93;44;0.0
93;2;0.0
93;52;0.0
93;56;0.0
93;4;0.0
93;8;0.17599999999999127
93;21;0.0
93;49;0.0
93;40;0.0
93;51;0.0
93;5;0.0
93;53;0.0
93;29;0.0
93;61;0.0
93;31;0.0
93;16;0.0
93;32;0.0
93;33;0.0
93;19;0.0
93;24;0.0
93;30;0.0
93;34;0.0
93;58;0.0
93;6;0.0
93;20;0.0
93;27;0.0
93;28;0.0368750000000051
93;9;0.0
93;35;0.0
93;60;0.0
93;46;0.0
93;12;0.0
93;59;0.0
93;13;0.0
93;14;0.0
93;10;0.0
93;36;0.0
93;17;0.0
93;57;0.0
93;38;0.0
93;50;0.0
93;11;0.0
93;25;0.0
93;41;0.0
93;18;0.0
93;22;0.0
93;23;0.0
93;39;0.0
93;26;0.08787499999999637
94;37;0.0
94;3;0.0
94;54;0.0
94;15;0.0
94;7;0.0
94;42;0.0
94;1;0.0
94;55;0.0
94;45;0.24993749999999992
94;47;0.0
94;43;0.0
94;48;0.0
94;44;0.0
94;2;0.0
94;52;0.0
94;56;0.0
94;4;0.0
94;8;0.12512499999999838
94;21;0.0
94;49;0.0
94;40;0.0
94;51;0.0
94;5;0.0
94;53;0.0
94;29;0.0
94;61;0.0
94;31;0.0
94;16;0.0
94;32;0.0
94;33;0.0
94;19;0.0
94;24;0.0
94;30;0.0
94;34;0.0
94;58;0.0
94;6;0.0
94;20;0.0
94;27;0.0
94;28;0.125
94;9;0.0
94;35;0.0
94;60;0.0
94;46;0.0
94;12;0.0
94;59;0.0
94;13;0.0
94;14;0.0
94;10;0.0
94;36;0.0
94;17;0.0
94;57;0.0
94;38;0.0
94;50;0.0
94;11;0.0
94;25;0.125
94;41;0.0
94;18;0.0
94;22;0.0
94;23;0.0
94;39;0.0
94;26;0.0
95;37;0.0
95;3;0.0
95;54;0.0
95;15;0.0
95;7;0.0
95;42;0.0
95;1;0.0
95;55;0.0
95;45;0.37506249999999997
95;47;0.0
95;43;0.0
95;48;0.0
95;44;0.0
95;2;0.0
95;52;0.0
95;56;0.0
95;4;0.0
95;8;0.1251249999999986
95;21;0.0
95;49;0.0
95;40;0.0
95;51;0.0
95;5;0.0
95;53;0.0
95;29;0.0
95;61;0.0
95;31;0.0
95;16;0.0
95;32;0.0
95;33;0.0
95;19;0.0
95;24;0.0
95;30;0.0
95;34;0.0
95;58;0.0
95;6;0.0
95;20;0.0
95;27;0.0
95;28;0.125
95;9;0.0
95;35;0.0
95;60;0.0
95;46;0.0
95;12;0.0
95;59;0.0
95;13;0.0
95;14;0.0
95;10;0.0
95;36;0.0
95;17;0.0
95;57;0.0
95;38;0.0
95;50;0.0
95;11;0.0
95;25;0.125
95;41;0.0
95;18;0.0
95;22;0.0
95;23;0.0
95;39;0.0
95;26;0.0
96;37;0.0
96;3;0.0
96;54;0.0
96;15;0.0
96;7;0.0
96;42;0.0
96;1;0.0
96;55;0.0
96;45;0.5000624999999999
96;47;0.0
96;43;0.0
96;48;0.0
96;44;0.0
96;2;0.0
96;52;0.0
96;56;0.0
96;4;0.0
96;8;0.18743750000000015
96;21;0.0
96;49;0.0
96;40;0.0
96;51;0.0
96;5;0.0
96;53;0.0
96;29;0.0
96;61;0.0
96;31;0.0
96;16;0.0
96;32;0.0
96;33;0.0
96;19;0.0
96;24;0.0
96;30;0.0
96;34;0.0
96;58;0.0
96;6;0.0
96;20;0.0
96;27;0.0
96;28;0.062375000000000735
96;9;0.0
96;35;0.0
96;60;0.0
96;46;0.0
96;12;0.0
96;59;0.0
96;13;0.0
96;14;0.0
96;10;0.0
96;36;0.0
96;17;0.0
96;57;0.0
96;38;0.0
96;50;0.0
96;11;0.0
96;25;0.12487500000000074
96;41;0.0
96;18;0.0
96;22;0.0
96;23;0.0
96;39;0.0
96;26;0.0
97;37;0.0
97;3;0.0
97;54;0.0
97;15;0.0
97;7;0.0
97;42;0.0
97;1;0.0
97;55;0.0
97;45;0.0
97;47;0.0
97;43;0.0
97;48;0.0
97;44;0.0
97;2;0.0
97;52;0.0
97;56;0.0
97;4;0.0
97;8;0.18743750000000015
97;21;0.0
97;49;0.0
97;40;0.0
97;51;0.0
97;5;0.0
97;53;0.0
97;29;0.0
97;61;0.0
97;31;0.0
97;16;0.0
97;32;0.0
97;33;0.0
97;19;0.0
97;24;0.0
97;30;0.0
97;34;0.0
97;58;0.0
97;6;0.0
97;20;0.0
97;27;0.0
97;28;0.013187499999997465
97;9;0.0
97;35;0.0
97;60;0.0
97;46;0.0
97;12;0.0
97;59;0.0
97;13;0.0
97;14;0.0
97;10;0.0
97;36;0.0
97;17;0.0
97;57;0.0
97;38;0.0
97;50;0.0
97;11;0.0
97;25;0.07562499999999783
97;41;0.0
97;18;0.0
97;22;0.0
97;23;0.0
97;39;0.0
97;26;0.0
98;37;0.0
98;3;0.0
98;54;0.0
98;15;0.0
98;7;0.0
98;42;0.0
98;1;0.0
98;55;0.0
98;45;0.0
98;47;0.0
98;43;0.0
98;48;0.0
98;44;0.0
98;2;0.0
98;52;0.0
98;56;0.0
98;4;0.0
98;8;0.18743750000000015
98;21;0.0
98;49;0.0
98;40;0.0
98;51;0.0
98;5;0.0
98;53;0.0
98;29;0.0
98;61;0.0
98;31;0.0
98;16;0.0
98;32;0.0
98;33;0.0
98;19;0.0
98;24;0.0
98;30;0.0
98;34;0.0
98;58;0.0
98;6;0.0
98;20;0.0
98;27;0.0
98;28;0.013187499999997687
98;9;0.0
98;35;0.0
98;60;0.0
98;46;0.0
98;12;0.0
98;59;0.0
98;13;0.0
98;14;0.0
98;10;0.0
98;36;0.0
98;17;0.0
98;57;0.0
98;38;0.0
98;50;0.0
98;11;0.0
98;25;0.07562499999999805
98;41;0.0
98;18;0.0
98;22;0.0
98;23;0.0
98;39;0.0
98;26;0.0
99;37;0.0
99;3;0.0
99;54;0.0
99;15;0.0
99;7;0.0
99;42;0.0
99;1;0.0
99;55;0.0
99;45;0.0
99;47;0.0
99;43;0.0
99;48;0.0
99;44;0.0
99;2;0.0
99;52;0.0
99;56;0.0
99;4;0.0
99;8;0.18743750000000015
99;21;0.0
99;49;0.0
99;40;0.0
99;51;0.0
99;5;0.0
99;53;0.0
99;29;0.0
99;61;0.0
99;31;0.0
99;16;0.0
99;32;0.0
99;33;0.0
99;19;0.0
99;24;0.0
99;30;0.0
99;34;0.0
99;58;0.0
99;6;0.0
99;20;0.0
99;27;0.0
99;28;0.01318749999999791
99;9;0.0
99;35;0.0
99;60;0.0
99;46;0.0
99;12;0.0
99;59;0.0
99;13;0.0
99;14;0.0
99;10;0.0
99;36;0.0
99;17;0.0
99;57;0.0
99;38;0.0
99;50;0.0
99;11;0.0
99;25;0.07562499999999828
99;41;0.0
99;18;0.0
99;22;0.0
99;23;0.0
99;39;0.0
99;26;0.0
100;37;0.0
100;3;0.0
100;54;0.0
100;15;0.0
100;7;0.0
100;42;0.0
100;1;0.0
100;55;0.0
100;45;0.0
100;47;0.0
100;43;0.0
100;48;0.0
100;44;0.0
100;2;0.0
100;52;0.0
100;56;0.0
100;4;0.0
100;8;0.18743750000000015
100;21;0.0
100;49;0.0
100;40;0.0
100;51;0.0
100;5;0.0
100;53;0.0
100;29;0.0
100;61;0.0
100;31;0.0
100;16;0.0
100;32;0.0
100;33;0.0
100;19;0.0
100;24;0.0
100;30;0.0
100;34;0.0
100;58;0.0
100;6;0.0
100;20;0.0
100;27;0.0
100;28;0.013187499999997465
100;9;0.0
100;35;0.0
100;60;0.0
100;46;0.0
100;12;0.0
100;59;0.0
100;13;0.0
100;14;0.0
100;10;0.0
100;36;0.0
100;17;0.0
100;57;0.0
100;38;0.0
100;50;0.0
100;11;0.0
100;25;0.07562499999999783
100;41;0.0
100;18;0.0
100;22;0.0
100;23;0.0
100;39;0.0
100;26;0.0
101;37;0.0
101;3;0.0
101;54;0.0
101;15;0.0
101;7;0.0
101;42;0.0
101;1;0.0
101;55;0.0
101;45;0.3124374999999999
101;47;0.0
101;43;0.0
101;48;0.0
101;44;0.0
101;2;0.0
101;52;0.0
101;56;0.0
101;4;0.0
101;8;0.14893750000000838
101;21;0.0
101;49;0.0
101;40;0.0
101;51;0.0
101;5;0.0
101;53;0.0
101;29;0.0
101;61;0.0
101;31;0.0
101;16;0.0
101;32;0.0
101;33;0.0
101;19;0.0
101;24;0.0
101;30;0.0
101;34;0.0
101;58;0.0
101;6;0.0
101;20;0.0
101;27;0.0
101;28;0.10099999999999221
101;9;0.0
101;35;0.0
101;60;0.0
101;46;0.0
101;12;0.0
101;59;0.0
101;13;0.0
101;14;0.0
101;10;0.0
101;36;0.0
101;17;0.0
101;57;0.0
101;38;0.0
101;50;0.0
101;11;0.0
101;25;0.0
101;41;0.0
101;18;0.0
101;22;0.0
101;23;0.0
101;39;0.0
101;26;0.125
102;37;0.0
102;3;0.0
102;54;0.0
102;15;0.0
102;7;0.0
102;42;0.0
102;1;0.0
102;55;0.0
102;45;0.24993749999999992
102;47;0.0
102;43;0.0
102;48;0.0
102;44;0.0
102;2;0.0
102;52;0.0
102;56;0.0
102;4;0.0
102;8;0.17431250000000187
102;21;0.0
102;49;0.0
102;40;0.0
102;51;0.0
102;5;0.0
102;53;0.0
102;29;0.0
102;61;0.0
102;31;0.0
102;16;0.0
102;32;0.0
102;33;0.0
102;19;0.0
102;24;0.0
102;30;0.0
102;34;0.0
102;58;0.0
102;6;0.0
102;20;0.0
102;27;0.0
102;28;0.125
102;9;0.0
102;35;0.0
102;60;0.0
102;46;0.0
102;12;0.0
102;59;0.0
102;13;0.0
102;14;0.0
102;10;0.0
102;36;0.0
102;17;0.0
102;57;0.0
102;38;0.0
102;50;0.0
102;11;0.0
102;25;0.125
102;41;0.0
102;18;0.0
102;22;0.0
102;23;0.0
102;39;0.0
102;26;0.0
103;37;0.0
103;3;0.0
103;54;0.0
103;15;0.0
103;7;0.0
103;42;0.0
103;1;0.0
103;55;0.0
103;45;0.32506250000000003
103;47;0.0
103;43;0.0
103;48;0.0
103;44;0.0
103;2;0.0
103;52;0.0
103;56;0.0
103;4;0.0
103;8;0.1743125000000021
103;21;0.0
103;49;0.0
103;40;0.0
103;51;0.0
103;5;0.0
103;53;0.0
103;29;0.0
103;61;0.0
103;31;0.0
103;16;0.0
103;32;0.0
103;33;0.0
103;19;0.0
103;24;0.0
103;30;0.0
103;34;0.0
103;58;0.0
103;6;0.0
103;20;0.0
103;27;0.0
103;28;0.125
103;9;0.0
103;35;0.0
103;60;0.0
103;46;0.0
103;12;0.0
103;59;0.0
103;13;0.0
103;14;0.0
103;10;0.0
103;36;0.0
103;17;0.0
103;57;0.0
103;38;0.0
103;50;0.0
103;11;0.0
103;25;0.125
103;41;0.0
103;18;0.0
103;22;0.0
103;23;0.0
103;39;0.0
103;26;0.0
104;37;0.0
104;3;0.0
104;54;0.0
104;15;0.0
104;7;0.0
104;42;0.0
104;1;0.0
104;55;0.0
104;45;0.45006250000000003
104;47;0.0
104;43;0.0
104;48;0.0
104;44;0.0
104;2;0.0
104;52;0.0
104;56;0.0
104;4;0.0
104;8;0.18743750000000015
104;21;0.0
104;49;0.0
104;40;0.0
104;51;0.0
104;5;0.0
104;53;0.0
104;29;0.0
104;61;0.0
104;31;0.0
104;16;0.0
104;32;0.0
104;33;0.0
104;19;0.0
104;24;0.0
104;30;0.0
104;34;0.0
104;58;0.0
104;6;0.0
104;20;0.0
104;27;0.0
104;28;0.013187499999997465
104;9;0.0
104;35;0.0
104;60;0.0
104;46;0.0
104;12;0.0
104;59;0.0
104;13;0.0
104;14;0.0
104;10;0.0
104;36;0.0
104;17;0.0
104;57;0.0
104;38;0.0
104;50;0.0
104;11;0.0
104;25;0.07562499999999783
104;41;0.0
104;18;0.0
104;22;0.0
104;23;0.0
104;39;0.0
104;26;0.0
105;37;0.0
105;3;0.0
105;54;0.0
105;15;0.0
105;7;0.0
105;42;0.0
105;1;0.0
105;55;0.0
105;45;0.0
105;47;0.0
105;43;0.0
105;48;0.0
105;44;0.0
105;2;0.0
105;52;0.0
105;56;0.0
105;4;0.0
105;8;0.062437499999999924
105;21;0.0
105;49;0.0
105;40;0.0
105;51;0.0
105;5;0.0
105;53;0.0
105;29;0.0
105;61;0.0
105;31;0.0
105;16;0.0
105;32;0.0
105;33;0.0
105;19;0.0
105;24;0.0
105;30;0.0
105;34;0.0
105;58;0.0
105;6;0.0
105;20;0.0
105;27;0.0
105;28;0.12499999999999978
105;9;0.0
105;35;0.0
105;60;0.0
105;46;0.0
105;12;0.0
105;59;0.0
105;13;0.0
105;14;0.0
105;10;0.0
105;36;0.0
105;17;0.0
105;57;0.0
105;38;0.0
105;50;0.0
105;11;0.0
105;25;0.125
105;41;0.0
105;18;0.0
105;22;0.0
105;23;0.0
105;39;0.0
105;26;0.0
106;37;0.0
106;3;0.0
106;54;0.0
106;15;0.0
106;7;0.0
106;42;0.0
106;1;0.0
106;55;0.0
106;45;0.0
106;47;0.0
106;43;0.0
106;48;0.0
106;44;0.0
106;2;0.0
106;52;0.0
106;56;0.0
106;4;0.0
106;8;0.062437499999999035
106;21;0.0
106;49;0.0
106;40;0.0
106;51;0.0
106;5;0.0
106;53;0.0
106;29;0.0
106;61;0.0
106;31;0.0
106;16;0.0
106;32;0.0
106;33;0.0
106;19;0.0
106;24;0.0
106;30;0.0
106;34;0.0
106;58;0.0
106;6;0.0
106;20;0.0
106;27;0.0
106;28;0.1250000000000011
106;9;0.0
106;35;0.0
106;60;0.0
106;46;0.0
106;12;0.0
106;59;0.0
106;13;0.0
106;14;0.0
106;10;0.0
106;36;0.0
106;17;0.0
106;57;0.0
106;38;0.0
106;50;0.0
106;11;0.0
106;25;0.12500000000000022
106;41;0.0
106;18;0.0
106;22;0.0
106;23;0.0
106;39;0.0
106;26;0.0
107;37;0.0
107;3;0.0
107;54;0.0
107;15;0.0
107;7;0.0
107;42;0.0
107;1;0.0
107;55;0.0
107;45;0.0
107;47;0.0
107;43;0.0
107;48;0.0
107;44;0.0
107;2;0.0
107;52;0.0
107;56;0.0
107;4;0.0
107;8;0.062437500000000146
107;21;0.0
107;49;0.0
107;40;0.0
107;51;0.0
107;5;0.0
107;53;0.0
107;29;0.0
107;61;0.0
107;31;0.0
107;16;0.0
107;32;0.0
107;33;0.0
107;19;0.0
107;24;0.0
107;30;0.0
107;34;0.0
107;58;0.0
107;6;0.0
107;20;0.0
107;27;0.0
107;28;0.12499999999999911
107;9;0.0
107;35;0.0
107;60;0.0
107;46;0.0
107;12;0.0
107;59;0.0
107;13;0.0
107;14;0.0
107;10;0.0
107;36;0.0
107;17;0.0
107;57;0.0
107;38;0.0
107;50;0.0
107;11;0.0
107;25;0.125
107;41;0.0
107;18;0.0
107;22;0.0
107;23;0.0
107;39;0.0
107;26;0.0
108;37;0.0
108;3;0.0
108;54;0.0
108;15;0.0
108;7;0.0
108;42;0.0
108;1;0.0
108;55;0.0
108;45;0.0
108;47;0.0
108;43;0.0
108;48;0.0
108;44;0.0
108;2;0.0
108;52;0.0
108;56;0.0
108;4;0.0
108;8;0.06243750000000037
108;21;0.0
108;49;0.0
108;40;0.0
108;51;0.0
108;5;0.0
108;53;0.0
108;29;0.0
108;61;0.0
108;31;0.0
108;16;0.0
108;32;0.0
108;33;0.0
108;19;0.0
108;24;0.0
108;30;0.0
108;34;0.0
108;58;0.0
108;6;0.0
108;20;0.0
108;27;0.0
108;28;0.12499999999999978
108;9;0.0
108;35;0.0
108;60;0.0
108;46;0.0
108;12;0.0
108;59;0.0
108;13;0.0
108;14;0.0
108;10;0.0
108;36;0.0
108;17;0.0
108;57;0.0
108;38;0.0
108;50;0.0
108;11;0.0
108;25;0.1250000000000011
108;41;0.0
108;18;0.0
108;22;0.0
108;23;0.0
108;39;0.0
108;26;0.0
109;37;0.0
109;3;0.0
109;54;0.0
109;15;0.0
109;7;0.0
109;42;0.0
109;1;0.0
109;55;0.0
109;45;0.3125
109;47;0.0
109;43;0.0
109;48;0.0
109;44;0.0
109;2;0.0
109;52;0.0
109;56;0.0
109;4;0.0
109;8;0.0
109;21;0.0
109;49;0.0
109;40;0.0
109;51;0.0
109;5;0.0
109;53;0.0
109;29;0.0
109;61;0.0
109;31;0.0
109;16;0.0
109;32;0.0
109;33;0.0
109;19;0.0
109;24;0.0
109;30;0.0
109;34;0.0
109;58;0.0
109;6;0.0
109;20;0.0
109;27;0.0
109;28;0.18737499999999896
109;9;0.0
109;35;0.0
109;60;0.0
109;46;0.0
109;12;0.0
109;59;0.0
109;13;0.0
109;14;0.0
109;10;0.0
109;36;0.0
109;17;0.0
109;57;0.0
109;38;0.0
109;50;0.0
109;11;0.0
109;25;0.0
109;41;0.0623749999999994
109;18;0.0
109;22;0.0
109;23;0.0
109;39;0.0
109;26;0.0
110;37;0.0
110;3;0.0
110;54;0.0
110;15;0.0
110;7;0.0
110;42;0.0
110;1;0.0
110;55;0.0
110;45;0.25
110;47;0.0
110;43;0.0
110;48;0.0
110;44;0.0
110;2;0.0
110;52;0.0
110;56;0.0
110;4;0.0
110;8;0.0
110;21;0.0
110;49;0.0
110;40;0.0
110;51;0.0
110;5;0.0
110;53;0.0
110;29;0.0
110;61;0.0
110;31;0.0
110;16;0.0
110;32;0.0
110;33;0.0
110;19;0.0
110;24;0.0
110;30;0.0
110;34;0.0
110;58;0.0
110;6;0.0
110;20;0.0
110;27;0.0
110;28;0.125
110;9;0.0
110;35;0.0
110;60;0.0
110;46;0.0
110;12;0.0
110;59;0.0
110;13;0.0
110;14;0.0
110;10;0.0
110;36;0.0
110;17;0.0
110;57;0.0
110;38;0.0
110;50;0.0
110;11;0.0
110;25;0.0
110;41;0.0
110;18;0.0
110;22;0.0
110;23;0.0
110;39;0.0
110;26;0.12506249999999985
111;37;0.0
111;3;0.0
111;54;0.0
111;15;0.0
111;7;0.0
111;42;0.0
111;1;0.0
111;55;0.0
111;45;0.32506250000000003
111;47;0.0
111;43;0.0
111;48;0.0
111;44;0.0
111;2;0.0
111;52;0.0
111;56;0.0
111;4;0.0
111;8;0.0
111;21;0.0
111;49;0.0
111;40;0.0
111;51;0.0
111;5;0.0
111;53;0.0
111;29;0.0
111;61;0.0
111;31;0.0
111;16;0.0
111;32;0.0
111;33;0.0
111;19;0.0
111;24;0.0
111;30;0.0
111;34;0.0
111;58;0.0
111;6;0.0
111;20;0.0
111;27;0.0
111;28;0.125
111;9;0.0
111;35;0.0
111;60;0.0
111;46;0.0
111;12;0.0
111;59;0.0
111;13;0.0
111;14;0.0
111;10;0.0
111;36;0.0
111;17;0.0
111;57;0.0
111;38;0.0
111;50;0.0
111;11;0.0
111;25;0.0
111;41;0.0
111;18;0.0
111;22;0.0
111;23;0.0
111;39;0.0
111;26;0.12506249999999985
112;37;0.0
112;3;0.0
112;54;0.0
112;15;0.0
112;7;0.0
112;42;0.0
112;1;0.0
112;55;0.0
112;45;0.45006250000000003
112;47;0.0
112;43;0.0
112;48;0.0
112;44;0.0
112;2;0.0
112;52;0.0
112;56;0.0
112;4;0.0
112;8;0.06243750000000001
112;21;0.0
112;49;0.0
112;40;0.0
112;51;0.0
112;5;0.0
112;53;0.0
112;29;0.0
112;61;0.0
112;31;0.0
112;16;0.0
112;32;0.0
112;33;0.0
112;19;0.0
112;24;0.0
112;30;0.0
112;34;0.0
112;58;0.0
112;6;0.0
112;20;0.0
112;27;0.0
112;28;0.12500000000000022
112;9;0.0
112;35;0.0
112;60;0.0
112;46;0.0
112;12;0.0
112;59;0.0
112;13;0.0
112;14;0.0
112;10;0.0
112;36;0.0
112;17;0.0
112;57;0.0
112;38;0.0
112;50;0.0
112;11;0.0
112;25;0.06256250000000119
112;41;0.0
112;18;0.0
112;22;0.0
112;23;0.0
112;39;0.0
112;26;0.0
113;37;0.0
113;3;0.0
113;54;0.0
113;15;0.0
113;7;0.0
113;42;0.0
113;1;0.0
113;55;0.0
113;45;0.0
113;47;0.0
113;43;0.0
113;48;0.0
113;44;0.0
113;2;0.0
113;52;0.0
113;56;0.0
113;4;0.0
113;8;0.11243750000000019
113;21;0.0
113;49;0.0
113;40;0.0
113;51;0.0
113;5;0.0
113;53;0.0
113;29;0.0
113;61;0.0
113;31;0.0
113;16;0.0
113;32;0.0
113;33;0.0
113;19;0.0
113;24;0.0
113;30;0.0
113;34;0.0
113;58;0.0
113;6;0.0
113;20;0.0
113;27;0.0
113;28;0.1998750000000007
113;9;0.0
113;35;0.0
113;60;0.0
113;46;0.0
113;12;0.0
113;59;0.0
113;13;0.0
113;14;0.0
113;10;0.0
113;36;0.0
113;17;0.0
113;57;0.0
113;38;0.0
113;50;0.0
113;11;0.0
113;25;0.07493750000000032
113;41;0.07487500000000025
113;18;0.0
113;22;0.0
113;23;0.0
113;39;0.0
113;26;0.0
114;37;0.0
114;3;0.0
114;54;0.0
114;15;0.0
114;7;0.0
114;42;0.0
114;1;0.0
114;55;0.0
114;45;0.0
114;47;0.0
114;43;0.0
114;48;0.0
114;44;0.0
114;2;0.0
114;52;0.0
114;56;0.0
114;4;0.0
114;8;0.11243750000000108
114;21;0.0
114;49;0.0
114;40;0.0
114;51;0.0
114;5;0.0
114;53;0.0
114;29;0.0
114;61;0.0
114;31;0.0
114;16;0.0
114;32;0.0
114;33;0.0
114;19;0.0
114;24;0.0
114;30;0.0
114;34;0.0
114;58;0.0
114;6;0.0
114;20;0.0
114;27;0.0
114;28;0.19987499999999936
114;9;0.0
114;35;0.0
114;60;0.0
114;46;0.0
114;12;0.0
114;59;0.0
114;13;0.0
114;14;0.0
114;10;0.0
114;36;0.0
114;17;0.0
114;57;0.0
114;38;0.0
114;50;0.0
114;11;0.0
114;25;0.07493750000000032
114;41;0.07487500000000025
114;18;0.0
114;22;0.0
114;23;0.0
114;39;0.0
114;26;0.0
115;37;0.0
115;3;0.0
115;54;0.0
115;15;0.0
115;7;0.0
115;42;0.0
115;1;0.0
115;55;0.0
115;45;0.0
115;47;0.0
115;43;0.0
115;48;0.0
115;44;0.0
115;2;0.0
115;52;0.0
115;56;0.0
115;4;0.0
115;8;0.11243750000000174
115;21;0.0
115;49;0.0
115;40;0.0
115;51;0.0
115;5;0.0
115;53;0.0
115;29;0.0
115;61;0.0
115;31;0.0
115;16;0.0
115;32;0.0
115;33;0.0
115;19;0.0
115;24;0.0
115;30;0.0
115;34;0.0
115;58;0.0
115;6;0.0
115;20;0.0
115;27;0.0
115;28;0.19987500000000202
115;9;0.0
115;35;0.0
115;60;0.0
115;46;0.0
115;12;0.0
115;59;0.0
115;13;0.0
115;14;0.0
115;10;0.0
115;36;0.0
115;17;0.0
115;57;0.0
115;38;0.0
115;50;0.0
115;11;0.0
115;25;0.0749375000000001
115;41;0.07487500000000025
115;18;0.0
115;22;0.0
115;23;0.0
115;39;0.0
115;26;0.0
116;37;0.0
116;3;0.0
116;54;0.0
116;15;0.0
116;7;0.0
116;42;0.0
116;1;0.0
116;55;0.0
116;45;0.0
116;47;0.0
116;43;0.0
116;48;0.0
116;44;0.0
116;2;0.0
116;52;0.0
116;56;0.0
116;4;0.0
116;8;0.11243749999999975
116;21;0.0
116;49;0.0
116;40;0.0
116;51;0.0
116;5;0.0
116;53;0.0
116;29;0.0
116;61;0.0
116;31;0.0
116;16;0.0
116;32;0.0
116;33;0.0
116;19;0.0
116;24;0.0
116;30;0.0
116;34;0.0
116;58;0.0
116;6;0.0
116;20;0.0
116;27;0.0
116;28;0.1998750000000009
116;9;0.0
116;35;0.0
116;60;0.0
116;46;0.0
116;12;0.0
116;59;0.0
116;13;0.0
116;14;0.0
116;10;0.0
116;36;0.0
116;17;0.0
116;57;0.0
116;38;0.0
116;50;0.0
116;11;0.0
116;25;0.07493750000000032
116;41;0.07487500000000025
116;18;0.0
116;22;0.0
116;23;0.0
116;39;0.0
116;26;0.0
117;37;0.0
117;3;0.0
117;54;0.0
117;15;0.0
117;7;0.0
117;42;0.0
117;1;0.0
117;55;0.0
117;45;0.25
117;47;0.0
117;43;0.0
117;48;0.0
117;44;0.0
117;2;0.0
117;52;0.0
117;56;0.0
117;4;0.0
117;8;0.0
117;21;0.0
117;49;0.0
117;40;0.0
117;51;0.0
117;5;0.0
117;53;0.0
117;29;0.0
117;61;0.0
117;31;0.0
117;16;0.0
117;32;0.0
117;33;0.0
117;19;0.0
117;24;0.0
117;30;0.0
117;34;0.0
117;58;0.0
117;6;0.0
117;20;0.0
117;27;0.0
117;28;0.3123750000000016
117;9;0.0
117;35;0.0
117;60;0.0
117;46;0.0
117;12;0.0
117;59;0.0
117;13;0.0
117;14;0.0
117;10;0.0
117;36;0.0
117;17;0.0
117;57;0.0
117;38;0.0
117;50;0.0
117;11;0.0
117;25;0.0
117;41;0.18737500000000162
117;18;0.0
117;22;0.0
117;23;0.0
117;39;0.0
117;26;0.125
118;37;0.0
118;3;0.0
118;54;0.0
118;15;0.0
118;7;0.0
118;42;0.0
118;1;0.0
118;55;0.0
118;45;0.1875
118;47;0.0
118;43;0.0
118;48;0.0
118;44;0.0
118;2;0.0
118;52;0.0
118;56;0.0
118;4;0.0
118;8;0.04999999999999982
118;21;0.0
118;49;0.0
118;40;0.0
118;51;0.0
118;5;0.0
118;53;0.0
118;29;0.0
118;61;0.0
118;31;0.0
118;16;0.0
118;32;0.0
118;33;0.0
118;19;0.0
118;24;0.0
118;30;0.0
118;34;0.0
118;58;0.0
118;6;0.0
118;20;0.0
118;27;0.0
118;28;0.24993750000000015
118;9;0.0
118;35;0.0
118;60;0.0
118;46;0.0
118;12;0.0
118;59;0.0
118;13;0.0
118;14;0.0
118;10;0.0
118;36;0.0
118;17;0.0
118;57;0.0
118;38;0.0
118;50;0.0
118;11;0.0
118;25;0.06250000000000022
118;41;0.12493750000000015
118;18;0.0
118;22;0.0
118;23;0.0
118;39;0.0
118;26;0.0
119;37;0.0
119;3;0.0
119;54;0.0
119;15;0.0
119;7;0.0
119;42;0.0
119;1;0.0
119;55;0.0
119;45;0.6250625000000009
119;47;0.0
119;43;0.0
119;48;0.0
119;44;0.0
119;2;0.0
119;52;0.0
119;56;0.0
119;4;0.0
119;8;0.04999999999999982
119;21;0.0
119;49;0.0
119;40;0.0
119;51;0.0
119;5;0.0
119;53;0.0
119;29;0.0
119;61;0.0
119;31;0.0
119;16;0.0
119;32;0.0
119;33;0.0
119;19;0.0
119;24;0.0
119;30;0.0
119;34;0.0
119;58;0.0
119;6;0.0
119;20;0.0
119;27;0.0
119;28;0.24993750000000015
119;9;0.0
119;35;0.0
119;60;0.0
119;46;0.0
119;12;0.0
119;59;0.0
119;13;0.0
119;14;0.0
119;10;0.0
119;36;0.0
119;17;0.0
119;57;0.0
119;38;0.0
119;50;0.0
119;11;0.0
119;25;0.06250000000000111
119;41;0.12493750000000015
119;18;0.0
119;22;0.0
119;23;0.0
119;39;0.0
119;26;0.0
120;37;0.0
120;3;0.0
120;54;0.0
120;15;0.0
120;7;0.0
120;42;0.0
120;1;0.0
120;55;0.0
120;45;0.8125000000000008
120;47;0.0
120;43;0.0
120;48;0.0
120;44;0.0
120;2;0.0
120;52;0.0
120;56;0.0
120;4;0.0
120;8;0.11243749999999983
120;21;0.0
120;49;0.0
120;40;0.0
120;51;0.0
120;5;0.0
120;53;0.0
120;29;0.0
120;61;0.0
120;31;0.0
120;16;0.0
120;32;0.0
120;33;0.0
120;19;0.0
120;24;0.0
120;30;0.0
120;34;0.0
120;58;0.0
120;6;0.0
120;20;0.0
120;27;0.0
120;28;0.1998750000000007
120;9;0.0
120;35;0.0
120;60;0.0
120;46;0.0
120;12;0.0
120;59;0.0
120;13;0.0
120;14;0.0
120;10;0.0
120;36;0.0
120;17;0.0
120;57;0.0
120;38;0.0
120;50;0.0
120;11;0.0
120;25;0.0
120;41;0.07487500000000047
120;18;0.0
120;22;0.0
120;23;0.0
120;39;0.0
120;26;0.07493750000000032
121;37;0.0
121;3;0.0
121;54;0.0
121;15;0.0
121;7;0.0
121;42;0.0
121;1;0.0
121;55;0.0
121;45;0.0
121;47;0.0
121;43;0.0
121;48;0.0
121;44;0.0
121;2;0.0
121;52;0.0
121;56;0.0
121;4;0.0
121;8;0.12500000000000022
121;21;0.0
121;49;0.0
121;40;0.0
121;51;0.0
121;5;0.0
121;53;0.0
121;29;0.0
121;61;0.0
121;31;0.0
121;16;0.0
121;32;0.0
121;33;0.0
121;19;0.0
121;24;0.0
121;30;0.0
121;34;0.0
121;58;0.0
121;6;0.0
121;20;0.0
121;27;0.0
121;28;0.12499999999999978
121;9;0.0
121;35;0.0
121;60;0.0
121;46;0.0
121;12;0.0
121;59;0.0
121;13;0.0
121;14;0.0
121;10;0.0
121;36;0.0
121;17;0.0
121;57;0.0
121;38;0.0
121;50;0.0
121;11;0.0
121;25;0.24993750000000015
121;41;0.0
121;18;0.0
121;22;0.0
121;23;0.0
121;39;0.0
121;26;0.0
122;37;0.0
122;3;0.0
122;54;0.0
122;15;0.0
122;7;0.0
122;42;0.0
122;1;0.0
122;55;0.0
122;45;0.0
122;47;0.0
122;43;0.0
122;48;0.0
122;44;0.0
122;2;0.0
122;52;0.0
122;56;0.0
122;4;0.0
122;8;0.12499999999999978
122;21;0.0
122;49;0.0
122;40;0.0
122;51;0.0
122;5;0.0
122;53;0.0
122;29;0.0
122;61;0.0
122;31;0.0
122;16;0.0
122;32;0.0
122;33;0.0
122;19;0.0
122;24;0.0
122;30;0.0
122;34;0.0
122;58;0.0
122;6;0.0
122;20;0.0
122;27;0.0
122;28;0.12500000000000022
122;9;0.0
122;35;0.0
122;60;0.0
122;46;0.0
122;12;0.0
122;59;0.0
122;13;0.0
122;14;0.0
122;10;0.0
122;36;0.0
122;17;0.0
122;57;0.0
122;38;0.0
122;50;0.0
122;11;0.0
122;25;0.24993749999999992
122;41;0.0
122;18;0.0
122;22;0.0
122;23;0.0
122;39;0.0
122;26;0.0
123;37;0.0
123;3;0.0
123;54;0.0
123;15;0.0
123;7;0.0
123;42;0.0
123;1;0.0
123;55;0.0
123;45;0.0
123;47;0.0
123;43;0.0
123;48;0.0
123;44;0.0
123;2;0.0
123;52;0.0
123;56;0.0
123;4;0.0
123;8;0.12500000000000022
123;21;0.0
123;49;0.0
123;40;0.0
123;51;0.0
123;5;0.0
123;53;0.0
123;29;0.0
123;61;0.0
123;31;0.0
123;16;0.0
123;32;0.0
123;33;0.0
123;19;0.0
123;24;0.0
123;30;0.0
123;34;0.0
123;58;0.0
123;6;0.0
123;20;0.0
123;27;0.0
123;28;0.12499999999999978
123;9;0.0
123;35;0.0
123;60;0.0
123;46;0.0
123;12;0.0
123;59;0.0
123;13;0.0
123;14;0.0
123;10;0.0
123;36;0.0
123;17;0.0
123;57;0.0
123;38;0.0
123;50;0.0
123;11;0.0
123;25;0.0
123;41;0.0
123;18;0.0
123;22;0.0
123;23;0.0
123;39;0.0
123;26;0.24993749999999992
124;37;0.0
124;3;0.0
124;54;0.0
124;15;0.0
124;7;0.0
124;42;0.0
124;1;0.0
124;55;0.0
124;45;0.0
124;47;0.0
124;43;0.0
124;48;0.0
124;44;0.0
124;2;0.0
124;52;0.0
124;56;0.0
124;4;0.0
124;8;0.12499999999999978
124;21;0.0
124;49;0.0
124;40;0.0
124;51;0.0
124;5;0.0
124;53;0.0
124;29;0.0
124;61;0.0
124;31;0.0
124;16;0.0
124;32;0.0
124;33;0.0
124;19;0.0
124;24;0.0
124;30;0.0
124;34;0.0
124;58;0.0
124;6;0.0
124;20;0.0
124;27;0.0
124;28;0.12500000000000022
124;9;0.0
124;35;0.0
124;60;0.0
124;46;0.0
124;12;0.0
124;59;0.0
124;13;0.0
124;14;0.0
124;10;0.0
124;36;0.0
124;17;0.0
124;57;0.0
124;38;0.0
124;50;0.0
124;11;0.0
124;25;0.0
124;41;0.0
124;18;0.0
124;22;0.0
124;23;0.0
124;39;0.0
124;26;0.24993749999999992
125;37;0.0
125;3;0.0
125;54;0.0
125;15;0.0
125;7;0.0
125;42;0.0
125;1;0.0
125;55;0.0
125;45;0.3124374999999999
125;47;0.0
125;43;0.0
125;48;0.0
125;44;0.0
125;2;0.0
125;52;0.0
125;56;0.0
125;4;0.0
125;8;0.06256249999999985
125;21;0.0
125;49;0.0
125;40;0.0
125;51;0.0
125;5;0.0
125;53;0.0
125;29;0.0
125;61;0.0
125;31;0.0
125;16;0.0
125;32;0.0
125;33;0.0
125;19;0.0
125;24;0.0
125;30;0.0
125;34;0.0
125;58;0.0
125;6;0.0
125;20;0.0
125;27;0.0
125;28;0.18743750000000015
125;9;0.0
125;35;0.0
125;60;0.0
125;46;0.0
125;12;0.0
125;59;0.0
125;13;0.0
125;14;0.0
125;10;0.0
125;36;0.0
125;17;0.0
125;57;0.0
125;38;0.0
125;50;0.0
125;11;0.0
125;25;0.0
125;41;0.0624374999999997
125;18;0.0
125;22;0.0
125;23;0.0
125;39;0.0
125;26;0.29993749999999775
126;37;0.0
126;3;0.0
126;54;0.0
126;15;0.0
126;7;0.0
126;42;0.0
126;1;0.0
126;55;0.0
126;45;0.24993749999999992
126;47;0.0
126;43;0.0
126;48;0.0
126;44;0.0
126;2;0.0
126;52;0.0
126;56;0.0
126;4;0.0
126;8;0.12506249999999985
126;21;0.0
126;49;0.0
126;40;0.0
126;51;0.0
126;5;0.0
126;53;0.0
126;29;0.0
126;61;0.0
126;31;0.0
126;16;0.0
126;32;0.0
126;33;0.0
126;19;0.0
126;24;0.0
126;30;0.0
126;34;0.0
126;58;0.0
126;6;0.0
126;20;0.0
126;27;0.0
126;28;0.125
126;9;0.0
126;35;0.0
126;60;0.0
126;46;0.0
126;12;0.0
126;59;0.0
126;13;0.0
126;14;0.0
126;10;0.0
126;36;0.0
126;17;0.0
126;57;0.0
126;38;0.0
126;50;0.0
126;11;0.0
126;25;0.0
126;41;0.0
126;18;0.0
126;22;0.0
126;23;0.0
126;39;0.0
126;26;0.25006249999999985
127;37;0.0
127;3;0.0
127;54;0.0
127;15;0.0
127;7;0.0
127;42;0.0
127;1;0.0
127;55;0.0
127;45;0.32506250000000003
127;47;0.0
127;43;0.0
127;48;0.0
127;44;0.0
127;2;0.0
127;52;0.0
127;56;0.0
127;4;0.0
127;8;0.125
127;21;0.0
127;49;0.0
127;40;0.0
127;51;0.0
127;5;0.0
127;53;0.0
127;29;0.0
127;61;0.0
127;31;0.0
127;16;0.0
127;32;0.0
127;33;0.0
127;19;0.0
127;24;0.0
127;30;0.0
127;34;0.0
127;58;0.0
127;6;0.0
127;20;0.0
127;27;0.0
127;28;0.125
127;9;0.0
127;35;0.0
127;60;0.0
127;46;0.0
127;12;0.0
127;59;0.0
127;13;0.0
127;14;0.0
127;10;0.0
127;36;0.0
127;17;0.0
127;57;0.0
127;38;0.0
127;50;0.0
127;11;0.0
127;25;0.0
127;41;0.0
127;18;0.0
127;22;0.0
127;23;0.0
127;39;0.0
127;26;0.25006249999999985
128;37;0.0
128;3;0.0
128;54;0.0
128;15;0.0
128;7;0.0
128;42;0.0
128;1;0.0
128;55;0.0
128;45;0.45006250000000003
128;47;0.0
128;43;0.0
128;48;0.0
128;44;0.0
128;2;0.0
128;52;0.0
128;56;0.0
128;4;0.0
128;8;0.125
128;21;0.0
128;49;0.0
128;40;0.0
128;51;0.0
128;5;0.0
128;53;0.0
128;29;0.0
128;61;0.0
128;31;0.0
128;16;0.0
128;32;0.0
128;33;0.0
128;19;0.0
128;24;0.0
128;30;0.0
128;34;0.0
128;58;0.0
128;6;0.0
128;20;0.0
128;27;0.0
128;28;0.12500000000000044
128;9;0.0
128;35;0.0
128;60;0.0
128;46;0.0
128;12;0.0
128;59;0.0
128;13;0.0
128;14;0.0
128;10;0.0
128;36;0.0
128;17;0.0
128;57;0.0
128;38;0.0
128;50;0.0
128;11;0.0
128;25;0.0
128;41;0.0
128;18;0.0
128;22;0.0
128;23;0.0
128;39;0.0
128;26;0.23749999999999805
129;37;0.0
129;3;0.0
129;54;0.0
129;15;0.0
129;7;0.0
129;42;0.0
129;1;0.0
129;55;0.0
129;45;0.0
129;47;0.0
129;43;0.0
129;48;0.0
129;44;0.0
129;2;0.0
129;52;0.0
129;56;0.0
129;4;0.0
129;8;0.12499999999999911
129;21;0.0
129;49;0.0
129;40;0.0
129;51;0.0
129;5;0.0
129;53;0.0
129;29;0.0
129;61;0.0
129;31;0.0
129;16;0.0
129;32;0.0
129;33;0.0
129;19;0.0
129;24;0.0
129;30;0.0
129;34;0.0
129;58;0.0
129;6;0.0
129;20;0.0
129;27;0.0
129;28;0.12499999999999978
129;9;0.0
129;35;0.0
129;60;0.0
129;46;0.0
129;12;0.0
129;59;0.0
129;13;0.0
129;14;0.0
129;10;0.0
129;36;0.0
129;17;0.0
129;57;0.0
129;38;0.0
129;50;0.0
129;11;0.0
129;25;0.125
129;41;0.0
129;18;0.0
129;22;0.0
129;23;0.0
129;39;0.0
129;26;0.0
130;37;0.0
130;3;0.0
130;54;0.0
130;15;0.0
130;7;0.0
130;42;0.0
130;1;0.0
130;55;0.0
130;45;0.0
130;47;0.0
130;43;0.0
130;48;0.0
130;44;0.0
130;2;0.0
130;52;0.0
130;56;0.0
130;4;0.0
130;8;0.12499999999999889
130;21;0.0
130;49;0.0
130;40;0.0
130;51;0.0
130;5;0.0
130;53;0.0
130;29;0.0
130;61;0.0
130;31;0.0
130;16;0.0
130;32;0.0
130;33;0.0
130;19;0.0
130;24;0.0
130;30;0.0
130;34;0.0
130;58;0.0
130;6;0.0
130;20;0.0
130;27;0.0
130;28;0.125
130;9;0.0
130;35;0.0
130;60;0.0
130;46;0.0
130;12;0.0
130;59;0.0
130;13;0.0
130;14;0.0
130;10;0.0
130;36;0.0
130;17;0.0
130;57;0.0
130;38;0.0
130;50;0.0
130;11;0.0
130;25;0.12499999999999956
130;41;0.0
130;18;0.0
130;22;0.0
130;23;0.0
130;39;0.0
130;26;0.0
131;37;0.0
131;3;0.0
131;54;0.0
131;15;0.0
131;7;0.0
131;42;0.0
131;1;0.0
131;55;0.0
131;45;0.0
131;47;0.0
131;43;0.0
131;48;0.0
131;44;0.0
131;2;0.0
131;52;0.0
131;56;0.0
131;4;0.0
131;8;0.125
131;21;0.0
131;49;0.0
131;40;0.0
131;51;0.0
131;5;0.0
131;53;0.0
131;29;0.0
131;61;0.0
131;31;0.0
131;16;0.0
131;32;0.0
131;33;0.0
131;19;0.0
131;24;0.0
131;30;0.0
131;34;0.0
131;58;0.0
131;6;0.0
131;20;0.0
131;27;0.0
131;28;0.12499999999999911
131;9;0.0
131;35;0.0
131;60;0.0
131;46;0.0
131;12;0.0
131;59;0.0
131;13;0.0
131;14;0.0
131;10;0.0
131;36;0.0
131;17;0.0
131;57;0.0
131;38;0.0
131;50;0.0
131;11;0.0
131;25;0.125
131;41;0.0
131;18;0.0
131;22;0.0
131;23;0.0
131;39;0.0
131;26;0.0
132;37;0.0
132;3;0.0
132;54;0.0
132;15;0.0
132;7;0.0
132;42;0.0
132;1;0.0
132;55;0.0
132;45;0.0
132;47;0.0
132;43;0.0
132;48;0.0
132;44;0.0
132;2;0.0
132;52;0.0
132;56;0.0
132;4;0.0
132;8;0.12499999999999889
132;21;0.0
132;49;0.0
132;40;0.0
132;51;0.0
132;5;0.0
132;53;0.0
132;29;0.0
132;61;0.0
132;31;0.0
132;16;0.0
132;32;0.0
132;33;0.0
132;19;0.0
132;24;0.0
132;30;0.0
132;34;0.0
132;58;0.0
132;6;0.0
132;20;0.0
132;27;0.0
132;28;0.12499999999999956
132;9;0.0
132;35;0.0
132;60;0.0
132;46;0.0
132;12;0.0
132;59;0.0
132;13;0.0
132;14;0.0
132;10;0.0
132;36;0.0
132;17;0.0
132;57;0.0
132;38;0.0
132;50;0.0
132;11;0.0
132;25;0.125
132;41;0.0
132;18;0.0
132;22;0.0
132;23;0.0
132;39;0.0
132;26;0.0
133;37;0.0
133;3;0.0
133;54;0.0
133;15;0.0
133;7;0.0
133;42;0.0
133;1;0.0
133;55;0.0
133;45;0.25
133;47;0.0
133;43;0.0
133;48;0.0
133;44;0.0
133;2;0.0
133;52;0.0
133;56;0.0
133;4;0.0
133;8;0.06256249999999985
133;21;0.0
133;49;0.0
133;40;0.0
133;51;0.0
133;5;0.0
133;53;0.0
133;29;0.0
133;61;0.0
133;31;0.0
133;16;0.0
133;32;0.0
133;33;0.0
133;19;0.0
133;24;0.0
133;30;0.0
133;34;0.0
133;58;0.0
133;6;0.0
133;20;0.0
133;27;0.0
133;28;0.18743750000000015
133;9;0.0
133;35;0.0
133;60;0.0
133;46;0.0
133;12;0.0
133;59;0.0
133;13;0.0
133;14;0.0
133;10;0.0
133;36;0.0
133;17;0.0
133;57;0.0
133;38;0.0
133;50;0.0
133;11;0.0
133;25;0.0
133;41;0.062437500000000146
133;18;0.0
133;22;0.0
133;23;0.0
133;39;0.0
133;26;0.125
134;37;0.0
134;3;0.0
134;54;0.0
134;15;0.0
134;7;0.0
134;42;0.0
134;1;0.0
134;55;0.0
134;45;0.1875
134;47;0.0
134;43;0.0
134;48;0.0
134;44;0.0
134;2;0.0
134;52;0.0
134;56;0.0
134;4;0.0
134;8;0.12506249999999985
134;21;0.0
134;49;0.0
134;40;0.0
134;51;0.0
134;5;0.0
134;53;0.0
134;29;0.0
134;61;0.0
134;31;0.0
134;16;0.0
134;32;0.0
134;33;0.0
134;19;0.0
134;24;0.0
134;30;0.0
134;34;0.0
134;58;0.0
134;6;0.0
134;20;0.0
134;27;0.0
134;28;0.125
134;9;0.0
134;35;0.0
134;60;0.0
134;46;0.0
134;12;0.0
134;59;0.0
134;13;0.0
134;14;0.0
134;10;0.0
134;36;0.0
134;17;0.0
134;57;0.0
134;38;0.0
134;50;0.0
134;11;0.0
134;25;0.0625
134;41;0.0
134;18;0.0
134;22;0.0
134;23;0.0
134;39;0.0
134;26;6.250000000007638e-05
135;37;0.0
135;3;0.0
135;54;0.0
135;15;0.0
135;7;0.0
135;42;0.0
135;1;0.0
135;55;0.0
135;45;0.3250624999999999
135;47;0.0
135;43;0.0
135;48;0.0
135;44;0.0
135;2;0.0
135;52;0.0
135;56;0.0
135;4;0.0
135;8;0.125
135;21;0.0
135;49;0.0
135;40;0.0
135;51;0.0
135;5;0.0
135;53;0.0
135;29;0.0
135;61;0.0
135;31;0.0
135;16;0.0
135;32;0.0
135;33;0.0
135;19;0.0
135;24;0.0
135;30;0.0
135;34;0.0
135;58;0.0
135;6;0.0
135;20;0.0
135;27;0.0
135;28;0.125
135;9;0.0
135;35;0.0
135;60;0.0
135;46;0.0
135;12;0.0
135;59;0.0
135;13;0.0
135;14;0.0
135;10;0.0
135;36;0.0
135;17;0.0
135;57;0.0
135;38;0.0
135;50;0.0
135;11;0.0
135;25;0.11181249999999743
135;41;0.0
135;18;0.0
135;22;0.0
135;23;0.0
135;39;0.0
135;26;0.0
136;37;0.0
136;3;0.0
136;54;0.0
136;15;0.0
136;7;0.0
136;42;0.0
136;1;0.0
136;55;0.0
136;45;0.5125
136;47;0.0
136;43;0.0
136;48;0.0
136;44;0.0
136;2;0.0
136;52;0.0
136;56;0.0
136;4;0.0
136;8;0.12499999999999867
136;21;0.0
136;49;0.0
136;40;0.0
136;51;0.0
136;5;0.0
136;53;0.0
136;29;0.0
136;61;0.0
136;31;0.0
136;16;0.0
136;32;0.0
136;33;0.0
136;19;0.0
136;24;0.0
136;30;0.0
136;34;0.0
136;58;0.0
136;6;0.0
136;20;0.0
136;27;0.0
136;28;0.12499999999999956
136;9;0.0
136;35;0.0
136;60;0.0
136;46;0.0
136;12;0.0
136;59;0.0
136;13;0.0
136;14;0.0
136;10;0.0
136;36;0.0
136;17;0.0
136;57;0.0
136;38;0.0
136;50;0.0
136;11;0.0
136;25;0.125
136;41;0.0
136;18;0.0
136;22;0.0
136;23;0.0
136;39;0.0
136;26;0.0
137;37;0.0
137;3;0.0
137;54;0.0
137;15;0.0
137;7;0.0
137;42;0.0
137;1;0.0
137;55;0.0
137;45;0.0
137;47;0.0
137;43;0.0
137;48;0.0
137;44;0.0
137;2;0.0
137;52;0.0
137;56;0.0
137;4;0.0
137;8;0.12506250000000052
137;21;0.0
137;49;0.0
137;40;0.0
137;51;0.0
137;5;0.0
137;53;0.0
137;29;0.0
137;61;0.0
137;31;0.0
137;16;0.0
137;32;0.0
137;33;0.0
137;19;0.0
137;24;0.0
137;30;0.0
137;34;0.0
137;58;0.0
137;6;0.0
137;20;0.0
137;27;0.0
137;28;0.12487499999999963
137;9;0.0
137;35;0.0
137;60;0.0
137;46;0.0
137;12;0.0
137;59;0.0
137;13;0.0
137;14;0.0
137;10;0.0
137;36;0.0
137;17;0.0
137;57;0.0
137;38;0.0
137;50;0.0
137;11;0.0
137;25;0.12512500000000082
137;41;0.0
137;18;0.0
137;22;0.0
137;23;0.0
137;39;0.0
137;26;0.0
138;37;0.0
138;3;0.0
138;54;0.0
138;15;0.0
138;7;0.0
138;42;0.0
138;1;0.0
138;55;0.0
138;45;0.0
138;47;0.0
138;43;0.0
138;48;0.0
138;44;0.0
138;2;0.0
138;52;0.0
138;56;0.0
138;4;0.0
138;8;0.1250625000000003
138;21;0.0
138;49;0.0
138;40;0.0
138;51;0.0
138;5;0.0
138;53;0.0
138;29;0.0
138;61;0.0
138;31;0.0
138;16;0.0
138;32;0.0
138;33;0.0
138;19;0.0
138;24;0.0
138;30;0.0
138;34;0.0
138;58;0.0
138;6;0.0
138;20;0.0
138;27;0.0
138;28;0.12487499999999985
138;9;0.0
138;35;0.0
138;60;0.0
138;46;0.0
138;12;0.0
138;59;0.0
138;13;0.0
138;14;0.0
138;10;0.0
138;36;0.0
138;17;0.0
138;57;0.0
138;38;0.0
138;50;0.0
138;11;0.0
138;25;0.12512500000000015
138;41;0.0
138;18;0.0
138;22;0.0
138;23;0.0
138;39;0.0
138;26;0.0
139;37;0.0
139;3;0.0
139;54;0.0
139;15;0.0
139;7;0.0
139;42;0.0
139;1;0.0
139;55;0.0
139;45;0.0
139;47;0.0
139;43;0.0
139;48;0.0
139;44;0.0
139;2;0.0
139;52;0.0
139;56;0.0
139;4;0.0
139;8;0.1250625000000003
139;21;0.0
139;49;0.0
139;40;0.0
139;51;0.0
139;5;0.0
139;53;0.0
139;29;0.0
139;61;0.0
139;31;0.0
139;16;0.0
139;32;0.0
139;33;0.0
139;19;0.0
139;24;0.0
139;30;0.0
139;34;0.0
139;58;0.0
139;6;0.0
139;20;0.0
139;27;0.0
139;28;0.12487499999999696
139;9;0.0
139;35;0.0
139;60;0.0
139;46;0.0
139;12;0.0
139;59;0.0
139;13;0.0
139;14;0.0
139;10;0.0
139;36;0.0
139;17;0.0
139;57;0.0
139;38;0.0
139;50;0.0
139;11;0.0
139;25;0.12512500000000037
139;41;0.0
139;18;0.0
139;22;0.0
139;23;0.0
139;39;0.0
139;26;0.0
140;37;0.0
140;3;0.0
140;54;0.0
140;15;0.0
140;7;0.0
140;42;0.0
140;1;0.0
140;55;0.0
140;45;0.0
140;47;0.0
140;43;0.0
140;48;0.0
140;44;0.0
140;2;0.0
140;52;0.0
140;56;0.0
140;4;0.0
140;8;0.1250625000000003
140;21;0.0
140;49;0.0
140;40;0.0
140;51;0.0
140;5;0.0
140;53;0.0
140;29;0.0
140;61;0.0
140;31;0.0
140;16;0.0
140;32;0.0
140;33;0.0
140;19;0.0
140;24;0.0
140;30;0.0
140;34;0.0
140;58;0.0
140;6;0.0
140;20;0.0
140;27;0.0
140;28;0.12487499999999985
140;9;0.0
140;35;0.0
140;60;0.0
140;46;0.0
140;12;0.0
140;59;0.0
140;13;0.0
140;14;0.0
140;10;0.0
140;36;0.0
140;17;0.0
140;57;0.0
140;38;0.0
140;50;0.0
140;11;0.0
140;25;0.12512500000000037
140;41;0.0
140;18;0.0
140;22;0.0
140;23;0.0
140;39;0.0
140;26;0.0
141;37;0.0
141;3;0.0
141;54;0.0
141;15;0.0
141;7;0.0
141;42;0.0
141;1;0.0
141;55;0.0
141;45;0.3749374999999999
141;47;0.0
141;43;0.0
141;48;0.0
141;44;0.0
141;2;0.0
141;52;0.0
141;56;0.0
141;4;0.0
141;8;0.12525000000000008
141;21;0.0
141;49;0.0
141;40;0.0
141;51;0.0
141;5;0.0
141;53;0.0
141;29;0.0
141;61;0.0
141;31;0.0
141;16;0.0
141;32;0.0
141;33;0.0
141;19;0.0
141;24;0.0
141;30;0.0
141;34;0.0
141;58;0.0
141;6;0.0
141;20;0.0
141;27;0.0
141;28;0.12487499999999985
141;9;0.0
141;35;0.0
141;60;0.0
141;46;0.0
141;12;0.0
141;59;0.0
141;13;0.0
141;14;0.0
141;10;0.0
141;36;0.0
141;17;0.0
141;57;0.0
141;38;0.0
141;50;0.0
141;11;0.0
141;25;0.0
141;41;0.0
141;18;0.0
141;22;0.0
141;23;0.0
141;39;0.0
141;26;0.12512499999999993
142;37;0.0
142;3;0.0
142;54;0.0
142;15;0.0
142;7;0.0
142;42;0.0
142;1;0.0
142;55;0.0
142;45;0.3749374999999999
142;47;0.0
142;43;0.0
142;48;0.0
142;44;0.0
142;2;0.0
142;52;0.0
142;56;0.0
142;4;0.0
142;8;0.12518749999999979
142;21;0.0
142;49;0.0
142;40;0.0
142;51;0.0
142;5;0.0
142;53;0.0
142;29;0.0
142;61;0.0
142;31;0.0
142;16;0.0
142;32;0.0
142;33;0.0
142;19;0.0
142;24;0.0
142;30;0.0
142;34;0.0
142;58;0.0
142;6;0.0
142;20;0.0
142;27;0.0
142;28;0.125
142;9;0.0
142;35;0.0
142;60;0.0
142;46;0.0
142;12;0.0
142;59;0.0
142;13;0.0
142;14;0.0
142;10;0.0
142;36;0.0
142;17;0.0
142;57;0.0
142;38;0.0
142;50;0.0
142;11;0.0
142;25;0.07524999999999982
142;41;0.0
142;18;0.0
142;22;0.0
142;23;0.0
142;39;0.0
142;26;0.0
143;37;0.0
143;3;0.0
143;54;0.0
143;15;0.0
143;7;0.0
143;42;0.0
143;1;0.0
143;55;0.0
143;45;0.43774999999999986
143;47;0.0
143;43;0.0
143;48;0.0
143;44;0.0
143;2;0.0
143;52;0.0
143;56;0.0
143;4;0.0
143;8;0.12518749999999979
143;21;0.0
143;49;0.0
143;40;0.0
143;51;0.0
143;5;0.0
143;53;0.0
143;29;0.0
143;61;0.0
143;31;0.0
143;16;0.0
143;32;0.0
143;33;0.0
143;19;0.0
143;24;0.0
143;30;0.0
143;34;0.0
143;58;0.0
143;6;0.0
143;20;0.0
143;27;0.0
143;28;0.125
143;9;0.0
143;35;0.0
143;60;0.0
143;46;0.0
143;12;0.0
143;59;0.0
143;13;0.0
143;14;0.0
143;10;0.0
143;36;0.0
143;17;0.0
143;57;0.0
143;38;0.0
143;50;0.0
143;11;0.0
143;25;0.12525000000000008
143;41;0.0
143;18;0.0
143;22;0.0
143;23;0.0
143;39;0.0
143;26;0.0
144;37;0.0
144;3;0.0
144;54;0.0
144;15;0.0
144;7;0.0
144;42;0.0
144;1;0.0
144;55;0.0
144;45;0.5000624999999999
144;47;0.0
144;43;0.0
144;48;0.0
144;44;0.0
144;2;0.0
144;52;0.0
144;56;0.0
144;4;0.0
144;8;0.12506250000000074
144;21;0.0
144;49;0.0
144;40;0.0
144;51;0.0
144;5;0.0
144;53;0.0
144;29;0.0
144;61;0.0
144;31;0.0
144;16;0.0
144;32;0.0
144;33;0.0
144;19;0.0
144;24;0.0
144;30;0.0
144;34;0.0
144;58;0.0
144;6;0.0
144;20;0.0
144;27;0.0
144;28;0.1248749999999994
144;9;0.0
144;35;0.0
144;60;0.0
144;46;0.0
144;12;0.0
144;59;0.0
144;13;0.0
144;14;0.0
144;10;0.0
144;36;0.0
144;17;0.0
144;57;0.0
144;38;0.0
144;50;0.0
144;11;0.0
144;25;0.12512500000000037
144;41;0.0
144;18;0.0
144;22;0.0
144;23;0.0
144;39;0.0
144;26;0.0
145;37;0.0
145;3;0.0
145;54;0.0
145;15;0.0
145;7;0.0
145;42;0.0
145;1;0.0
145;55;0.0
145;45;0.0
145;47;0.0
145;43;0.0
145;48;0.0
145;44;0.0
145;2;0.0
145;52;0.0
145;56;0.0
145;4;0.0
145;8;0.12493749999999992
145;21;0.0
145;49;0.0
145;40;0.0
145;51;0.0
145;5;0.0
145;53;0.0
145;29;0.0
145;61;0.0
145;31;0.0
145;16;0.0
145;32;0.0
145;33;0.0
145;19;0.0
145;24;0.0
145;30;0.0
145;34;0.0
145;58;0.0
145;6;0.0
145;20;0.0
145;27;0.0
145;28;0.12493750000000037
145;9;0.0
145;35;0.0
145;60;0.0
145;46;0.0
145;12;0.0
145;59;0.0
145;13;0.0
145;14;0.0
145;10;0.0
145;36;0.0
145;17;0.0
145;57;0.0
145;38;0.0
145;50;0.0
145;11;0.0
145;25;0.07543750000000049
145;41;0.0
145;18;0.0
145;22;0.0
145;23;0.0
145;39;0.0
145;26;0.0
146;37;0.0
146;3;0.0
146;54;0.0
146;15;0.0
146;7;0.0
146;42;0.0
146;1;0.0
146;55;0.0
146;45;0.0
146;47;0.0
146;43;0.0
146;48;0.0
146;44;0.0
146;2;0.0
146;52;0.0
146;56;0.0
146;4;0.0
146;8;0.12493750000000015
146;21;0.0
146;49;0.0
146;40;0.0
146;51;0.0
146;5;0.0
146;53;0.0
146;29;0.0
146;61;0.0
146;31;0.0
146;16;0.0
146;32;0.0
146;33;0.0
146;19;0.0
146;24;0.0
146;30;0.0
146;34;0.0
146;58;0.0
146;6;0.0
146;20;0.0
146;27;0.0
146;28;0.12493750000000015
146;9;0.0
146;35;0.0
146;60;0.0
146;46;0.0
146;12;0.0
146;59;0.0
146;13;0.0
146;14;0.0
146;10;0.0
146;36;0.0
146;17;0.0
146;57;0.0
146;38;0.0
146;50;0.0
146;11;0.0
146;25;0.07543750000000093
146;41;0.0
146;18;0.0
146;22;0.0
146;23;0.0
146;39;0.0
146;26;0.0
147;37;0.0
147;3;0.0
147;54;0.0
147;15;0.0
147;7;0.0
147;42;0.0
147;1;0.0
147;55;0.0
147;45;0.0
147;47;0.0
147;43;0.0
147;48;0.0
147;44;0.0
147;2;0.0
147;52;0.0
147;56;0.0
147;4;0.0
147;8;0.12493750000000015
147;21;0.0
147;49;0.0
147;40;0.0
147;51;0.0
147;5;0.0
147;53;0.0
147;29;0.0
147;61;0.0
147;31;0.0
147;16;0.0
147;32;0.0
147;33;0.0
147;19;0.0
147;24;0.0
147;30;0.0
147;34;0.0
147;58;0.0
147;6;0.0
147;20;0.0
147;27;0.0
147;28;0.12493750000000015
147;9;0.0
147;35;0.0
147;60;0.0
147;46;0.0
147;12;0.0
147;59;0.0
147;13;0.0
147;14;0.0
147;10;0.0
147;36;0.0
147;17;0.0
147;57;0.0
147;38;0.0
147;50;0.0
147;11;0.0
147;25;0.07543750000000116
147;41;0.0
147;18;0.0
147;22;0.0
147;23;0.0
147;39;0.0
147;26;0.0
148;37;0.0
148;3;0.0
148;54;0.0
148;15;0.0
148;7;0.0
148;42;0.0
148;1;0.0
148;55;0.0
148;45;0.0
148;47;0.0
148;43;0.0
148;48;0.0
148;44;0.0
148;2;0.0
148;52;0.0
148;56;0.0
148;4;0.0
148;8;0.12493750000000015
148;21;0.0
148;49;0.0
148;40;0.0
148;51;0.0
148;5;0.0
148;53;0.0
148;29;0.0
148;61;0.0
148;31;0.0
148;16;0.0
148;32;0.0
148;33;0.0
148;19;0.0
148;24;0.0
148;30;0.0
148;34;0.0
148;58;0.0
148;6;0.0
148;20;0.0
148;27;0.0
148;28;0.12493750000000015
148;9;0.0
148;35;0.0
148;60;0.0
148;46;0.0
148;12;0.0
148;59;0.0
148;13;0.0
148;14;0.0
148;10;0.0
148;36;0.0
148;17;0.0
148;57;0.0
148;38;0.0
148;50;0.0
148;11;0.0
148;25;0.07543750000000116
148;41;0.0
148;18;0.0
148;22;0.0
148;23;0.0
148;39;0.0
148;26;0.0
149;37;0.0
149;3;0.0
149;54;0.0
149;15;0.0
149;7;0.0
149;42;0.0
149;1;0.0
149;55;0.0
149;45;0.2626249999999999
149;47;0.0
149;43;0.0
149;48;0.0
149;44;0.0
149;2;0.0
149;52;0.0
149;56;0.0
149;4;0.0
149;8;0.125
149;21;0.0
149;49;0.0
149;40;0.0
149;51;0.0
149;5;0.0
149;53;0.0
149;29;0.0
149;61;0.0
149;31;0.0
149;16;0.0
149;32;0.0
149;33;0.0
149;19;0.0
149;24;0.0
149;30;0.0
149;34;0.0
149;58;0.0
149;6;0.0
149;20;0.0
149;27;0.0
149;28;0.125
149;9;0.0
149;35;0.0
149;60;0.0
149;46;0.0
149;12;0.0
149;59;0.0
149;13;0.0
149;14;0.0
149;10;0.0
149;36;0.0
149;17;0.0
149;57;0.0
149;38;0.0
149;50;0.0
149;11;0.0
149;25;0.0
149;41;0.0
149;18;0.0
149;22;0.0
149;23;0.0
149;39;0.0
149;26;0.125
150;37;0.0
150;3;0.0
150;54;0.0
150;15;0.0
150;7;0.0
150;42;0.0
150;1;0.0
150;55;0.0
150;45;0.2001249999999999
150;47;0.0
150;43;0.0
150;48;0.0
150;44;0.0
150;2;0.0
150;52;0.0
150;56;0.0
150;4;0.0
150;8;0.12493750000000015
150;21;0.0
150;49;0.0
150;40;0.0
150;51;0.0
150;5;0.0
150;53;0.0
150;29;0.0
150;61;0.0
150;31;0.0
150;16;0.0
150;32;0.0
150;33;0.0
150;19;0.0
150;24;0.0
150;30;0.0
150;34;0.0
150;58;0.0
150;6;0.0
150;20;0.0
150;27;0.0
150;28;0.125
150;9;0.0
150;35;0.0
150;60;0.0
150;46;0.0
150;12;0.0
150;59;0.0
150;13;0.0
150;14;0.0
150;10;0.0
150;36;0.0
150;17;0.0
150;57;0.0
150;38;0.0
150;50;0.0
150;11;0.0
150;25;0.1745624999999995
150;41;0.0
150;18;0.0
150;22;0.0
150;23;0.0
150;39;0.0
150;26;0.0
151;37;0.0
151;3;0.0
151;54;0.0
151;15;0.0
151;7;0.0
151;42;0.0
151;1;0.0
151;55;0.0
151;45;0.32506250000000003
151;47;0.0
151;43;0.0
151;48;0.0
151;44;0.0
151;2;0.0
151;52;0.0
151;56;0.0
151;4;0.0
151;8;0.12493750000000015
151;21;0.0
151;49;0.0
151;40;0.0
151;51;0.0
151;5;0.0
151;53;0.0
151;29;0.0
151;61;0.0
151;31;0.0
151;16;0.0
151;32;0.0
151;33;0.0
151;19;0.0
151;24;0.0
151;30;0.0
151;34;0.0
151;58;0.0
151;6;0.0
151;20;0.0
151;27;0.0
151;28;0.125
151;9;0.0
151;35;0.0
151;60;0.0
151;46;0.0
151;12;0.0
151;59;0.0
151;13;0.0
151;14;0.0
151;10;0.0
151;36;0.0
151;17;0.0
151;57;0.0
151;38;0.0
151;50;0.0
151;11;0.0
151;25;0.125
151;41;0.0
151;18;0.0
151;22;0.0
151;23;0.0
151;39;0.0
151;26;0.0
152;37;0.0
152;3;0.0
152;54;0.0
152;15;0.0
152;7;0.0
152;42;0.0
152;1;0.0
152;55;0.0
152;45;0.49987500000000007
152;47;0.0
152;43;0.0
152;48;0.0
152;44;0.0
152;2;0.0
152;52;0.0
152;56;0.0
152;4;0.0
152;8;0.12493750000000015
152;21;0.0
152;49;0.0
152;40;0.0
152;51;0.0
152;5;0.0
152;53;0.0
152;29;0.0
152;61;0.0
152;31;0.0
152;16;0.0
152;32;0.0
152;33;0.0
152;19;0.0
152;24;0.0
152;30;0.0
152;34;0.0
152;58;0.0
152;6;0.0
152;20;0.0
152;27;0.0
152;28;0.12493750000000015
152;9;0.0
152;35;0.0
152;60;0.0
152;46;0.0
152;12;0.0
152;59;0.0
152;13;0.0
152;14;0.0
152;10;0.0
152;36;0.0
152;17;0.0
152;57;0.0
152;38;0.0
152;50;0.0
152;11;0.0
152;25;0.0
152;41;0.0
152;18;0.0
152;22;0.0
152;23;0.0
152;39;0.0
152;26;0.07543750000000116
153;37;0.0
153;3;0.0
153;54;0.0
153;15;0.0
153;7;0.0
153;42;0.0
153;1;0.0
153;55;0.0
153;45;0.0
153;47;0.0
153;43;0.0
153;48;0.0
153;44;0.0
153;2;0.0
153;52;0.0
153;56;0.0
153;4;0.0
153;8;0.13756249999999826
153;21;0.0
153;49;0.0
153;40;0.0
153;51;0.0
153;5;0.0
153;53;0.0
153;29;0.0
153;61;0.0
153;31;0.0
153;16;0.0
153;32;0.0
153;33;0.0
153;19;0.0
153;24;0.0
153;30;0.0
153;34;0.0
153;58;0.0
153;6;0.0
153;20;0.0
153;27;0.0
153;28;0.12493750000000015
153;9;0.0
153;35;0.0
153;60;0.0
153;46;0.0
153;12;0.0
153;59;0.0
153;13;0.0
153;14;0.0
153;10;0.0
153;36;0.0
153;17;0.0
153;57;0.0
153;38;0.0
153;50;0.0
153;11;0.0
153;25;0.1745624999999993
153;41;0.0
153;18;0.0
153;22;0.0
153;23;0.0
153;39;0.0
153;26;0.0
154;37;0.0
154;3;0.0
154;54;0.0
154;15;0.0
154;7;0.0
154;42;0.0
154;1;0.0
154;55;0.0
154;45;0.0
154;47;0.0
154;43;0.0
154;48;0.0
154;44;0.0
154;2;0.0
154;52;0.0
154;56;0.0
154;4;0.0
154;8;0.13756249999999826
154;21;0.0
154;49;0.0
154;40;0.0
154;51;0.0
154;5;0.0
154;53;0.0
154;29;0.0
154;61;0.0
154;31;0.0
154;16;0.0
154;32;0.0
154;33;0.0
154;19;0.0
154;24;0.0
154;30;0.0
154;34;0.0
154;58;0.0
154;6;0.0
154;20;0.0
154;27;0.0
154;28;0.12493750000000015
154;9;0.0
154;35;0.0
154;60;0.0
154;46;0.0
154;12;0.0
154;59;0.0
154;13;0.0
154;14;0.0
154;10;0.0
154;36;0.0
154;17;0.0
154;57;0.0
154;38;0.0
154;50;0.0
154;11;0.0
154;25;0.1745624999999993
154;41;0.0
154;18;0.0
154;22;0.0
154;23;0.0
154;39;0.0
154;26;0.0
155;37;0.0
155;3;0.0
155;54;0.0
155;15;0.0
155;7;0.0
155;42;0.0
155;1;0.0
155;55;0.0
155;45;0.0
155;47;0.0
155;43;0.0
155;48;0.0
155;44;0.0
155;2;0.0
155;52;0.0
155;56;0.0
155;4;0.0
155;8;0.13756249999999826
155;21;0.0
155;49;0.0
155;40;0.0
155;51;0.0
155;5;0.0
155;53;0.0
155;29;0.0
155;61;0.0
155;31;0.0
155;16;0.0
155;32;0.0
155;33;0.0
155;19;0.0
155;24;0.0
155;30;0.0
155;34;0.0
155;58;0.0
155;6;0.0
155;20;0.0
155;27;0.0
155;28;0.12493750000000015
155;9;0.0
155;35;0.0
155;60;0.0
155;46;0.0
155;12;0.0
155;59;0.0
155;13;0.0
155;14;0.0
155;10;0.0
155;36;0.0
155;17;0.0
155;57;0.0
155;38;0.0
155;50;0.0
155;11;0.0
155;25;0.1745624999999993
155;41;0.0
155;18;0.0
155;22;0.0
155;23;0.0
155;39;0.0
155;26;0.0
156;37;0.0
156;3;0.0
156;54;0.0
156;15;0.0
156;7;0.0
156;42;0.0
156;1;0.0
156;55;0.0
156;45;0.0
156;47;0.0
156;43;0.0
156;48;0.0
156;44;0.0
156;2;0.0
156;52;0.0
156;56;0.0
156;4;0.0
156;8;0.13756249999999848
156;21;0.0
156;49;0.0
156;40;0.0
156;51;0.0
156;5;0.0
156;53;0.0
156;29;0.0
156;61;0.0
156;31;0.0
156;16;0.0
156;32;0.0
156;33;0.0
156;19;0.0
156;24;0.0
156;30;0.0
156;34;0.0
156;58;0.0
156;6;0.0
156;20;0.0
156;27;0.0
156;28;0.12493749999999992
156;9;0.0
156;35;0.0
156;60;0.0
156;46;0.0
156;12;0.0
156;59;0.0
156;13;0.0
156;14;0.0
156;10;0.0
156;36;0.0
156;17;0.0
156;57;0.0
156;38;0.0
156;50;0.0
156;11;0.0
156;25;0.1745624999999993
156;41;0.0
156;18;0.0
156;22;0.0
156;23;0.0
156;39;0.0
156;26;0.0
157;37;0.0
157;3;0.0
157;54;0.0
157;15;0.0
157;7;0.0
157;42;0.0
157;1;0.0
157;55;0.0
157;45;0.3124374999999999
157;47;0.0
157;43;0.0
157;48;0.0
157;44;0.0
157;2;0.0
157;52;0.0
157;56;0.0
157;4;0.0
157;8;0.125
157;21;0.0
157;49;0.0
157;40;0.0
157;51;0.0
157;5;0.0
157;53;0.0
157;29;0.0
157;61;0.0
157;31;0.0
157;16;0.0
157;32;0.0
157;33;0.0
157;19;0.0
157;24;0.0
157;30;0.0
157;34;0.0
157;58;0.0
157;6;0.0
157;20;0.0
157;27;0.0
157;28;0.12493750000000015
157;9;0.0
157;35;0.0
157;60;0.0
157;46;0.0
157;12;0.0
157;59;0.0
157;13;0.0
157;14;0.0
157;10;0.0
157;36;0.0
157;17;0.0
157;57;0.0
157;38;0.0
157;50;0.0
157;11;0.0
157;25;0.0
157;41;0.0
157;18;0.0
157;22;0.0
157;23;0.0
157;39;0.0
157;26;0.12493750000000015
158;37;0.0
158;3;0.0
158;54;0.0
158;15;0.0
158;7;0.0
158;42;0.0
158;1;0.0
158;55;0.0
158;45;0.24993749999999992
158;47;0.0
158;43;0.0
158;48;0.0
158;44;0.0
158;2;0.0
158;52;0.0
158;56;0.0
158;4;0.0
158;8;0.12493750000000015
158;21;0.0
158;49;0.0
158;40;0.0
158;51;0.0
158;5;0.0
158;53;0.0
158;29;0.0
158;61;0.0
158;31;0.0
158;16;0.0
158;32;0.0
158;33;0.0
158;19;0.0
158;24;0.0
158;30;0.0
158;34;0.0
158;58;0.0
158;6;0.0
158;20;0.0
158;27;0.0
158;28;0.125
158;9;0.0
158;35;0.0
158;60;0.0
158;46;0.0
158;12;0.0
158;59;0.0
158;13;0.0
158;14;0.0
158;10;0.0
158;36;0.0
158;17;0.0
158;57;0.0
158;38;0.0
158;50;0.0
158;11;0.0
158;25;0.1251250000000006
158;41;0.0
158;18;0.0
158;22;0.0
158;23;0.0
158;39;0.0
158;26;0.0
159;37;0.0
159;3;0.0
159;54;0.0
159;15;0.0
159;7;0.0
159;42;0.0
159;1;0.0
159;55;0.0
159;45;0.32506250000000003
159;47;0.0
159;43;0.0
159;48;0.0
159;44;0.0
159;2;0.0
159;52;0.0
159;56;0.0
159;4;0.0
159;8;0.12493750000000015
159;21;0.0
159;49;0.0
159;40;0.0
159;51;0.0
159;5;0.0
159;53;0.0
159;29;0.0
159;61;0.0
159;31;0.0
159;16;0.0
159;32;0.0
159;33;0.0
159;19;0.0
159;24;0.0
159;30;0.0
159;34;0.0
159;58;0.0
159;6;0.0
159;20;0.0
159;27;0.0
159;28;0.125
159;9;0.0
159;35;0.0
159;60;0.0
159;46;0.0
159;12;0.0
159;59;0.0
159;13;0.0
159;14;0.0
159;10;0.0
159;36;0.0
159;17;0.0
159;57;0.0
159;38;0.0
159;50;0.0
159;11;0.0
159;25;0.125
159;41;0.0
159;18;0.0
159;22;0.0
159;23;0.0
159;39;0.0
159;26;0.0
160;37;0.0
160;3;0.0
160;54;0.0
160;15;0.0
160;7;0.0
160;42;0.0
160;1;0.0
160;55;0.0
160;45;0.45006250000000003
160;47;0.0
160;43;0.0
160;48;0.0
160;44;0.0
160;2;0.0
160;52;0.0
160;56;0.0
160;4;0.0
160;8;0.13756249999999826
160;21;0.0
160;49;0.0
160;40;0.0
160;51;0.0
160;5;0.0
160;53;0.0
160;29;0.0
160;61;0.0
160;31;0.0
160;16;0.0
160;32;0.0
160;33;0.0
160;19;0.0
160;24;0.0
160;30;0.0
160;34;0.0
160;58;0.0
160;6;0.0
160;20;0.0
160;27;0.0
160;28;0.12493750000000015
160;9;0.0
160;35;0.0
160;60;0.0
160;46;0.0
160;12;0.0
160;59;0.0
160;13;0.0
160;14;0.0
160;10;0.0
160;36;0.0
160;17;0.0
160;57;0.0
160;38;0.0
160;50;0.0
160;11;0.0
160;25;0.0
160;41;0.0
160;18;0.0
160;22;0.0
160;23;0.0
160;39;0.0
160;26;0.1745624999999993
161;37;0.0
161;3;0.0
161;54;0.0
161;15;0.0
161;7;0.0
161;42;0.0
161;1;0.0
161;55;0.0
161;45;0.0
161;47;0.0
161;43;0.0
161;48;0.0
161;44;0.0
161;2;0.0
161;52;0.0
161;56;0.0
161;4;0.0
161;8;0.1872500000000008
161;21;0.0
161;49;0.0
161;40;0.0
161;51;0.0
161;5;0.0
161;53;0.0
161;29;0.0
161;61;0.0
161;31;0.0
161;16;0.0
161;32;0.0
161;33;0.0
161;19;0.0
161;24;0.0
161;30;0.0
161;34;0.0
161;58;0.0
161;6;0.0
161;20;0.0
161;27;0.0
161;28;0.12499999999999889
161;9;0.0
161;35;0.0
161;60;0.0
161;46;0.0
161;12;0.0
161;59;0.0
161;13;0.0
161;14;0.0
161;10;0.0
161;36;0.0
161;17;0.0
161;57;0.0
161;38;0.0
161;50;0.0
161;11;0.0
161;25;0.12487499999999963
161;41;0.0
161;18;0.0
161;22;0.0
161;23;0.0
161;39;0.0
161;26;0.0
162;37;0.0
162;3;0.0
162;54;0.0
162;15;0.0
162;7;0.0
162;42;0.0
162;1;0.0
162;55;0.0
162;45;0.0
162;47;0.0
162;43;0.0
162;48;0.0
162;44;0.0
162;2;0.0
162;52;0.0
162;56;0.0
162;4;0.0
162;8;0.1872499999999997
162;21;0.0
162;49;0.0
162;40;0.0
162;51;0.0
162;5;0.0
162;53;0.0
162;29;0.0
162;61;0.0
162;31;0.0
162;16;0.0
162;32;0.0
162;33;0.0
162;19;0.0
162;24;0.0
162;30;0.0
162;34;0.0
162;58;0.0
162;6;0.0
162;20;0.0
162;27;0.0
162;28;0.125
162;9;0.0
162;35;0.0
162;60;0.0
162;46;0.0
162;12;0.0
162;59;0.0
162;13;0.0
162;14;0.0
162;10;0.0
162;36;0.0
162;17;0.0
162;57;0.0
162;38;0.0
162;50;0.0
162;11;0.0
162;25;0.12487499999999963
162;41;0.0
162;18;0.0
162;22;0.0
162;23;0.0
162;39;0.0
162;26;0.0
163;37;0.0
163;3;0.0
163;54;0.0
163;15;0.0
163;7;0.0
163;42;0.0
163;1;0.0
163;55;0.0
163;45;0.0
163;47;0.0
163;43;0.0
163;48;0.0
163;44;0.0
163;2;0.0
163;52;0.0
163;56;0.0
163;4;0.0
163;8;0.18724999999999836
163;21;0.0
163;49;0.0
163;40;0.0
163;51;0.0
163;5;0.0
163;53;0.0
163;29;0.0
163;61;0.0
163;31;0.0
163;16;0.0
163;32;0.0
163;33;0.0
163;19;0.0
163;24;0.0
163;30;0.0
163;34;0.0
163;58;0.0
163;6;0.0
163;20;0.0
163;27;0.0
163;28;0.12500000000000133
163;9;0.0
163;35;0.0
163;60;0.0
163;46;0.0
163;12;0.0
163;59;0.0
163;13;0.0
163;14;0.0
163;10;0.0
163;36;0.0
163;17;0.0
163;57;0.0
163;38;0.0
163;50;0.0
163;11;0.0
163;25;0.12487499999999963
163;41;0.0
163;18;0.0
163;22;0.0
163;23;0.0
163;39;0.0
163;26;0.0
164;37;0.0
164;3;0.0
164;54;0.0
164;15;0.0
164;7;0.0
164;42;0.0
164;1;0.0
164;55;0.0
164;45;0.0
164;47;0.0
164;43;0.0
164;48;0.0
164;44;0.0
164;2;0.0
164;52;0.0
164;56;0.0
164;4;0.0
164;8;0.18724999999999836
164;21;0.0
164;49;0.0
164;40;0.0
164;51;0.0
164;5;0.0
164;53;0.0
164;29;0.0
164;61;0.0
164;31;0.0
164;16;0.0
164;32;0.0
164;33;0.0
164;19;0.0
164;24;0.0
164;30;0.0
164;34;0.0
164;58;0.0
164;6;0.0
164;20;0.0
164;27;0.0
164;28;0.1250000000000011
164;9;0.0
164;35;0.0
164;60;0.0
164;46;0.0
164;12;0.0
164;59;0.0
164;13;0.0
164;14;0.0
164;10;0.0
164;36;0.0
164;17;0.0
164;57;0.0
164;38;0.0
164;50;0.0
164;11;0.0
164;25;0.12487499999999963
164;41;0.0
164;18;0.0
164;22;0.0
164;23;0.0
164;39;0.0
164;26;0.0
165;37;0.0
165;3;0.0
165;54;0.0
165;15;0.0
165;7;0.0
165;42;0.0
165;1;0.0
165;55;0.0
165;45;0.37518750000000023
165;47;0.0
165;43;0.0
165;48;0.0
165;44;0.0
165;2;0.0
165;52;0.0
165;56;0.0
165;4;0.0
165;8;0.125
165;21;0.0
165;49;0.0
165;40;0.0
165;51;0.0
165;5;0.0
165;53;0.0
165;29;0.0
165;61;0.0
165;31;0.0
165;16;0.0
165;32;0.0
165;33;0.0
165;19;0.0
165;24;0.0
165;30;0.0
165;34;0.0
165;58;0.0
165;6;0.0
165;20;0.0
165;27;0.0
165;28;0.12493750000000015
165;9;0.0
165;35;0.0
165;60;0.0
165;46;0.0
165;12;0.0
165;59;0.0
165;13;0.0
165;14;0.0
165;10;0.0
165;36;0.0
165;17;0.0
165;57;0.0
165;38;0.0
165;50;0.0
165;11;0.0
165;25;0.0
165;41;0.0
165;18;0.0
165;22;0.0
165;23;0.0
165;39;0.0
165;26;0.12493750000000015
166;37;0.0
166;3;0.0
166;54;0.0
166;15;0.0
166;7;0.0
166;42;0.0
166;1;0.0
166;55;0.0
166;45;0.25
166;47;0.0
166;43;0.0
166;48;0.0
166;44;0.0
166;2;0.0
166;52;0.0
166;56;0.0
166;4;0.0
166;8;0.12493750000000015
166;21;0.0
166;49;0.0
166;40;0.0
166;51;0.0
166;5;0.0
166;53;0.0
166;29;0.0
166;61;0.0
166;31;0.0
166;16;0.0
166;32;0.0
166;33;0.0
166;19;0.0
166;24;0.0
166;30;0.0
166;34;0.0
166;58;0.0
166;6;0.0
166;20;0.0
166;27;0.0
166;28;0.125
166;9;0.0
166;35;0.0
166;60;0.0
166;46;0.0
166;12;0.0
166;59;0.0
166;13;0.0
166;14;0.0
166;10;0.0
166;36;0.0
166;17;0.0
166;57;0.0
166;38;0.0
166;50;0.0
166;11;0.0
166;25;0.1253125000000006
166;41;0.0
166;18;0.0
166;22;0.0
166;23;0.0
166;39;0.0
166;26;0.0
167;37;0.0
167;3;0.0
167;54;0.0
167;15;0.0
167;7;0.0
167;42;0.0
167;1;0.0
167;55;0.0
167;45;0.3250625000000007
167;47;0.0
167;43;0.0
167;48;0.0
167;44;0.0
167;2;0.0
167;52;0.0
167;56;0.0
167;4;0.0
167;8;0.12493750000000015
167;21;0.0
167;49;0.0
167;40;0.0
167;51;0.0
167;5;0.0
167;53;0.0
167;29;0.0
167;61;0.0
167;31;0.0
167;16;0.0
167;32;0.0
167;33;0.0
167;19;0.0
167;24;0.0
167;30;0.0
167;34;0.0
167;58;0.0
167;6;0.0
167;20;0.0
167;27;0.0
167;28;0.125
167;9;0.0
167;35;0.0
167;60;0.0
167;46;0.0
167;12;0.0
167;59;0.0
167;13;0.0
167;14;0.0
167;10;0.0
167;36;0.0
167;17;0.0
167;57;0.0
167;38;0.0
167;50;0.0
167;11;0.0
167;25;0.125
167;41;0.0
167;18;0.0
167;22;0.0
167;23;0.0
167;39;0.0
167;26;0.0
168;37;0.0
168;3;0.0
168;54;0.0
168;15;0.0
168;7;0.0
168;42;0.0
168;1;0.0
168;55;0.0
168;45;0.45025000000000015
168;47;0.0
168;43;0.0
168;48;0.0
168;44;0.0
168;2;0.0
168;52;0.0
168;56;0.0
168;4;0.0
168;8;0.18724999999999836
168;21;0.0
168;49;0.0
168;40;0.0
168;51;0.0
168;5;0.0
168;53;0.0
168;29;0.0
168;61;0.0
168;31;0.0
168;16;0.0
168;32;0.0
168;33;0.0
168;19;0.0
168;24;0.0
168;30;0.0
168;34;0.0
168;58;0.0
168;6;0.0
168;20;0.0
168;27;0.0
168;28;0.12500000000000133
168;9;0.0
168;35;0.0
168;60;0.0
168;46;0.0
168;12;0.0
168;59;0.0
168;13;0.0
168;14;0.0
168;10;0.0
168;36;0.0
168;17;0.0
168;57;0.0
168;38;0.0
168;50;0.0
168;11;0.0
168;25;0.00025000000000030553
168;41;0.0
168;18;0.0
168;22;0.0
168;23;0.0
168;39;0.0
168;26;0.12462499999999932
